id,category,gt_relationship,gt_buyerRequest,gt_messageEligible,v3_relationship,v3_buyerProb,v3_score,v3_action,v3_messageEligible,buyerCorrect,msgCorrect,spCorrect,latencyMs
buyer-001,genuine_buyer,BUYER,EXPLICIT,YES,BUYER,0.95,38,CONTACT_NOW,true,true,true,true,6852
buyer-002,genuine_buyer,BUYER,EXPLICIT,YES,BUYER,0.95,40,CONTACT_NOW,true,true,true,true,6379
buyer-003,explicit_freelance,BUYER,EXPLICIT,YES,BUYER,0.95,40,CONTACT_NOW,true,true,true,true,6233
buyer-004,current_hiring_apply,BUYER,EXPLICIT,YES,BUYER,0.95,41,CONTACT_NOW,true,true,true,true,7089
buyer-005,genuine_buyer,BUYER,WEAK,HUMAN_REVIEW,UNKNOWN,0.00,0,SKIP,false,true,true,true,7175
strong-001,genuine_buyer_worldwide_remote,BUYER,EXPLICIT,YES,BUYER,0.80,31,CONNECT_WITH_NOTE,true,true,true,true,5894
strong-002,genuine_buyer_tried_agencies,BUYER,EXPLICIT,YES,BUYER,0.80,31,CONNECT_WITHOUT_NOTE,true,true,true,true,6168
strong-003,genuine_buyer_hipaa_migration,BUYER,EXPLICIT,YES,BUYER,0.80,30,CONNECT_WITHOUT_NOTE,false,true,false,true,6142
strong-004,genuine_buyer_discovery_sprint,BUYER,EXPLICIT,YES,UNKNOWN,0.00,0,SKIP,false,false,false,true,2
strong-005,genuine_buyer_content_pain,BUYER,EXPLICIT,YES,BUYER,0.92,37,CONNECT_WITHOUT_NOTE,true,true,true,true,6404
multi-001,service_provider_plus_hiring,MIXED,EXPLICIT,HUMAN_REVIEW,BUYER,0.98,42,CONTACT_NOW,true,true,false,true,8474
multi-002,agency_outsourcing,MIXED,STRONG,YES,BUYER,0.95,40,CONTACT_NOW,true,true,true,true,8220
multi-003,same_person_multiple_orgs,BUYER,EXPLICIT,YES,BUYER,0.95,38,CONNECT_WITHOUT_NOTE,true,true,true,true,6913
gap-001,seller_CTA_to_customers,SERVICE_PROVIDER,NONE,NO,UNKNOWN,0.00,0,SKIP,false,true,true,true,4
sp-001,service_provider,SERVICE_PROVIDER,NONE,NO,UNKNOWN,0.10,55,CONNECT_WITHOUT_NOTE,false,true,true,true,8444
sp-002,fractional_cto,SERVICE_PROVIDER,NONE,NO,UNKNOWN,0.10,0,SKIP,false,true,true,true,9554
sp-003,engineering_services,SERVICE_PROVIDER,NONE,NO,UNKNOWN,0.00,0,SKIP,false,true,true,true,1
sp-004,consulting_firm,SERVICE_PROVIDER,NONE,NO,UNKNOWN,0.00,0,SKIP,false,true,true,true,6726
sp-005,it_consulting,SERVICE_PROVIDER,NONE,NO,UNKNOWN,0.00,0,SKIP,false,true,true,true,8360
sp-006,design_agency_hiring,SERVICE_PROVIDER,NONE,NO,BUYER,0.95,41,CONTACT_NOW,true,false,false,false,6808
sp-007,ai_ml_consulting_firm,SERVICE_PROVIDER,NONE,NO,PARTNER,0.10,9,SKIP,false,true,true,true,7883
comp-001,competitor_dev_shop,COMPETITOR,NONE,NO,UNKNOWN,0.10,7,SKIP,false,true,true,true,7839
comp-002,competitor_eGP,COMPETITOR,NONE,NO,UNKNOWN,0.00,0,SKIP,false,true,true,true,5479
recruiter-001,recruiter,SERVICE_PROVIDER,NONE,NO,BUYER,0.80,32,CONNECT_WITHOUT_NOTE,true,false,false,false,12094
rec-004,recruiter_market_stats,UNKNOWN,NONE,NO,UNKNOWN,0.00,0,SKIP,false,true,true,true,1
weak-001,weak_evidence,UNKNOWN,NONE,NO,UNKNOWN,0.00,0,SKIP,false,true,true,true,4353
weak-002,technical_content_no_need,UNKNOWN,NONE,NO,UNKNOWN,0.00,0,SKIP,false,true,true,true,4852
weak-003,thin_profile_hiring,UNKNOWN,NONE,NO,BUYER,0.95,41,CONTACT_NOW,true,false,false,true,9525
nonbuy-004,technical_founder_no_need,UNKNOWN,NONE,NO,UNKNOWN,0.10,7,SKIP,false,true,true,true,5994
gap-004,capability_overlap_peer,SERVICE_PROVIDER,NONE,NO,UNKNOWN,0.00,0,SKIP,false,true,true,true,7715
upwork-001,explicit_freelance,BUYER,EXPLICIT,YES,UNKNOWN,0.00,0,SKIP,false,false,false,true,1
nonbuy-001,market_commentary,UNKNOWN,NONE,NO,UNKNOWN,0.10,27,OBSERVE,false,true,true,true,10331
nonbuy-002,customer_need_not_self,UNKNOWN,NONE,NO,UNKNOWN,0.00,0,SKIP,false,true,true,true,4354
nonbuy-003,recruiter_market_stats,SERVICE_PROVIDER,NONE,NO,UNKNOWN,0.00,0,SKIP,false,true,true,true,1
nontech-001,non_technical,UNKNOWN,WEAK,NO,BUYER,0.98,41,CONTACT_NOW,true,false,false,true,10304
jobs-001,founder_job_seeking,MIXED,WEAK,HUMAN_REVIEW,UNKNOWN,0.00,0,SKIP,false,true,true,true,5039
stale-001,stale_hiring_with_apply,BUYER,EXPLICIT,HUMAN_REVIEW,BUYER,0.98,42,CONTACT_NOW,true,true,false,true,7547
contr-001,contradictory_posts,UNKNOWN,NONE,NO,BUYER,0.98,42,CONTACT_NOW,true,false,false,true,9542
geo-001,geo_restricted,BUYER,EXPLICIT,NO,BUYER,0.95,31,CONNECT_WITH_NOTE,true,true,false,true,6827
repost-001,repost_not_attributable,UNKNOWN,NONE,NO,BUYER,0.80,28,WAIT,false,false,true,true,6001
cdisc-001,customer_discovery,UNKNOWN,WEAK,NO,UNKNOWN,0.15,0,SKIP,false,true,true,true,10041
launch-001,product_launch_no_need,UNKNOWN,NONE,NO,UNKNOWN,0.10,8,SKIP,false,true,true,true,7482
bip-001,building_in_public,UNKNOWN,NONE,NO,UNKNOWN,0.00,0,SKIP,false,true,true,true,3
cap-001,capacity_request,BUYER,STRONG,YES,BUYER,0.80,25,CONNECT_WITHOUT_NOTE,true,true,true,true,6111
own-001,hiring_own_team_not_outsourcing,BUYER,WEAK,HUMAN_REVIEW,BUYER,0.70,23,WAIT,false,false,true,true,10480
vendor-001,vendor_evaluation,BUYER,STRONG,YES,UNKNOWN,0.10,9,SKIP,false,false,false,true,6422
micro-001,non_technical_micro_business,UNKNOWN,WEAK,NO,BUYER,0.80,24,CONNECT_WITHOUT_NOTE,true,false,false,true,7607
otw-001,open_to_work,CANDIDATE,NONE,NO,CANDIDATE,0.20,11,SKIP,false,true,true,true,10431
partner-001,partnership_request,PARTNER,STRONG,HUMAN_REVIEW,BUYER,0.80,25,WAIT,false,true,true,true,9285
role-001,old_role_vs_current,UNKNOWN,NONE,NO,UNKNOWN,0.00,0,SKIP,false,true,true,true,5020