lead_id,rep,source_type,created_at,model,prompt_version,score_version,relay_score,evaluator_range,score_delta_category,extraction_quality,evidence_quality,buyer_intent_relay,buyer_intent_evaluator,qualification_relay,qualification_evaluator,qualification_match,is_competitor,competitor_keywords,has_evidence_ledger,evidence_count,evidence_factual,evidence_scoring_artifacts,overall_status,reanalysis_recommended,key_reason
8b16b566-5b2c-4006-bfbf-ffb21685b3c4,Aneeb,linkedin,2026-09-16T16:50:30.025951+00:00,,,,11,0-26,REASONABLE,INSUFFICIENT_SOURCE,NONE,send,NONE,send,skip,DISAGREE,false,"",false,0,0,0,REVIEW,NO,""
a554c8d0-439a-43aa-8b9d-1e529490694b,Madiha,linkedin,2026-09-16T16:50:30.350113+00:00,,,,10,0-25,REASONABLE,INSUFFICIENT_SOURCE,NONE,send,MODERATE,send,connect,DISAGREE,false,"",false,0,0,0,REVIEW,NO,""
839fdad5-1132-4eb2-87fb-135ad914299f,Madiha,linkedin,2026-09-16T17:09:26.73473+00:00,,,,12,60-85,UNDER_SCORE,PASS,NONE,send,STRONG,send,message,DISAGREE,false,"engineering team",false,0,0,0,REVIEW,NO,"Strong buyer intent but scored below 50"
77b8ead7-644e-4758-ab87-e506cce1210a,Ahmad,linkedin,2026-09-16T18:48:36.32295+00:00,,,,12,0-27,REASONABLE,PASS,NONE,send,NONE,send,skip,DISAGREE,false,"",false,0,0,0,REVIEW,NO,""
d84f971c-af10-4375-b171-a586212401ed,Ahmad,linkedin,2026-09-16T18:52:08.833889+00:00,,,,10,60-85,UNDER_SCORE,PASS,NONE,send,STRONG,send,message,DISAGREE,false,"product development",false,0,0,0,REVIEW,NO,"Strong buyer intent but scored below 50"
015d87b0-3e99-4e8d-927e-c0b3ad0876c6,Ahmad,linkedin,2026-09-16T18:54:12.567576+00:00,,,,11,60-85,UNDER_SCORE,PASS,NONE,send,STRONG,send,message,DISAGREE,false,"building software",false,0,0,0,REVIEW,NO,"Strong buyer intent but scored below 50"
c3f17ace-f08b-41d5-b206-853d5f0f92a3,Ahmad,linkedin,2026-09-16T18:57:19.690767+00:00,,,,10,60-85,UNDER_SCORE,PASS,NONE,send,STRONG,send,skip,DISAGREE,true,"software development, engineering team",false,0,0,0,REVIEW,YES,"Strong buyer intent but scored below 50"
42d3cb73-a44d-47af-9fbc-9595641d87d8,Ahmad,linkedin,2026-09-16T19:00:17.815712+00:00,,,,12,60-85,UNDER_SCORE,PASS,NONE,send,STRONG,send,message,DISAGREE,false,"",false,0,0,0,REVIEW,NO,"Strong buyer intent but scored below 50"
dafa5c73-45ce-48a2-915a-dd61e235a026,Ahmad,linkedin,2026-09-16T19:08:46.668849+00:00,,,,10,60-85,UNDER_SCORE,PASS,NONE,send,STRONG,send,message,DISAGREE,false,"full stack",false,0,0,0,REVIEW,NO,"Strong buyer intent but scored below 50"
ded86d0c-efc9-4fc1-9fd7-9e7c61078045,Ahmad,linkedin,2026-09-16T19:11:18.710893+00:00,,,,12,60-85,UNDER_SCORE,PASS,NONE,send,STRONG,send,message,DISAGREE,false,"full stack",false,0,0,0,REVIEW,NO,"Strong buyer intent but scored below 50"
380b0ba0-eb33-4e8c-8613-80a7900a5d08,Ahmad,linkedin,2026-09-16T19:30:51.591777+00:00,,,,12,60-85,UNDER_SCORE,PASS,NONE,send,STRONG,send,message,DISAGREE,false,"tech company",false,0,0,0,REVIEW,NO,"Strong buyer intent but scored below 50"
f99a0b19-b89b-4406-8bb2-5f42513231ae,Aneeb,linkedin,2026-09-16T20:26:38.879188+00:00,,,,12,60-85,UNDER_SCORE,INSUFFICIENT_SOURCE,NONE,send,STRONG,send,skip,DISAGREE,true,"software development, software development company",false,0,0,0,REVIEW,YES,"Strong buyer intent but scored below 50"
c464df07-c8fc-41bc-a9ed-535c6872d780,Hassan,linkedin,2026-09-16T21:47:27.363281+00:00,,,,12,60-85,UNDER_SCORE,PASS,NONE,send,STRONG,send,message,DISAGREE,false,"",false,0,0,0,REVIEW,NO,"Strong buyer intent but scored below 50"
0062a9ca-fbde-4411-9b99-1a71ccc2f0de,Hassan,linkedin,2026-09-16T21:57:49.027602+00:00,,,,10,60-85,UNDER_SCORE,PASS,NONE,send,STRONG,send,skip,DISAGREE,true,"web development, fullstack",false,0,0,0,REVIEW,YES,"Strong buyer intent but scored below 50"
de743a88-f055-4c4f-97ce-32c8d998d419,Ahmad,linkedin,2026-09-17T11:34:39.538739+00:00,,,,12,60-85,UNDER_SCORE,PASS,NONE,send,STRONG,send,message,DISAGREE,false,"",false,0,0,0,REVIEW,NO,"Strong buyer intent but scored below 50"
988984ea-a3e0-4d1b-a16a-5e83ff791589,Ahmad,linkedin,2026-09-17T11:36:16.769851+00:00,,,,12,0-27,REASONABLE,PASS,NONE,send,NONE,send,skip,DISAGREE,false,"",false,0,0,0,REVIEW,NO,""
df7e2a52-7433-4ca3-8203-ec3e5e47cd11,Ahmad,linkedin,2026-09-17T11:38:00.673933+00:00,,,,10,60-85,UNDER_SCORE,PASS,NONE,send,STRONG,send,message,DISAGREE,false,"",false,0,0,0,REVIEW,NO,"Strong buyer intent but scored below 50"
0f425455-507e-4b94-92bf-1ef06b8372be,Ahmad,linkedin,2026-09-17T11:40:04.593705+00:00,,,,9,60-85,UNDER_SCORE,PASS,NONE,research_more,STRONG,research_more,message,DISAGREE,false,"",false,0,0,0,REVIEW,NO,"Strong buyer intent but scored below 50"
a6440ea4-a5fc-4d2d-9017-c9d5c9dedf88,Ahmad,linkedin,2026-09-17T11:44:43.907644+00:00,,,,11,0-26,REASONABLE,PASS,NONE,send,MODERATE,send,connect,DISAGREE,false,"",false,0,0,0,REVIEW,NO,""
9720fe33-356f-40ad-9b7a-af203b1a85b8,Ahmad,linkedin,2026-09-17T11:46:00.513418+00:00,,,,12,0-27,REASONABLE,PASS,NONE,send,NONE,send,skip,DISAGREE,false,"",false,0,0,0,REVIEW,NO,""
5eae6697-9549-42bf-8c63-eeac1aac8b19,Ahmad,linkedin,2026-09-17T11:47:40.909596+00:00,,,,12,60-85,UNDER_SCORE,PASS,NONE,send,STRONG,send,message,DISAGREE,false,"",false,0,0,0,REVIEW,NO,"Strong buyer intent but scored below 50"
6a2cc92d-3daa-4505-b1ff-b040835821ee,Ahmad,linkedin,2026-09-17T12:03:19.265233+00:00,,,,12,0-27,REASONABLE,PASS,NONE,send,NONE,send,skip,DISAGREE,false,"",false,0,0,0,REVIEW,NO,""
0f0f5a24-f035-4f08-b2f3-8cb2774fe5c9,Ahmad,linkedin,2026-09-17T12:05:30.860526+00:00,,,,9,60-85,UNDER_SCORE,PASS,NONE,research_more,STRONG,research_more,skip,DISAGREE,true,"software development, web development",false,0,0,0,REVIEW,YES,"Strong buyer intent but scored below 50"
87faf7b8-43a4-46bc-8ce3-42fe38457cdf,Ahmad,linkedin,2026-09-17T12:07:16.603709+00:00,,,,12,0-27,REASONABLE,PASS,NONE,send,MODERATE,send,connect,DISAGREE,false,"software development",false,0,0,0,REVIEW,NO,""
afd78abb-1522-46fc-85f7-4e21c9c1c29d,Hassan,linkedin,2026-09-17T12:09:00.448883+00:00,,,,12,60-85,UNDER_SCORE,PASS,NONE,send,STRONG,send,message,DISAGREE,false,"full stack",false,0,0,0,REVIEW,NO,"Strong buyer intent but scored below 50"
185a33a2-9156-4b27-be60-0956d2ebda8f,Ahmad,linkedin,2026-09-17T12:10:14.639687+00:00,,,,12,60-85,UNDER_SCORE,PASS,NONE,send,STRONG,send,skip,DISAGREE,true,"web development, full stack",false,0,0,0,REVIEW,YES,"Strong buyer intent but scored below 50"
fbc90b34-0ce1-4379-91f9-4b7e3d96c0a6,Ahmad,linkedin,2026-09-17T12:21:04.427377+00:00,,,,10,0-25,REASONABLE,PASS,NONE,send,MODERATE,send,skip,DISAGREE,true,"web development, full stack, fullstack, digital agency",false,0,0,0,REVIEW,YES,"Competitor profile"
59c38302-0fa4-4f5c-9a3c-1784e6dd9a32,Ahmad,linkedin,2026-09-17T12:32:02.883658+00:00,,,,12,0-27,REASONABLE,PASS,NONE,send,NONE,send,skip,DISAGREE,false,"engineering team",false,0,0,0,REVIEW,NO,""
37164e41-61ed-410d-b3e3-731e77a7a05a,Hassan,linkedin,2026-09-17T12:38:17.512127+00:00,,,,12,60-85,UNDER_SCORE,PASS,NONE,send,STRONG,send,skip,DISAGREE,true,"software development, custom software, web development, software consulting, saas development, application development",false,0,0,0,REVIEW,YES,"Strong buyer intent but scored below 50"
67652e3a-be69-4578-b4a4-4975e8539005,Ahmad,linkedin,2026-09-17T12:38:33.146778+00:00,,,,12,60-85,UNDER_SCORE,PASS,NONE,send,STRONG,send,skip,DISAGREE,true,"software development, fullstack, software company, mobile development",false,0,0,0,REVIEW,YES,"Strong buyer intent but scored below 50"
82d904d5-8399-40df-a486-efb3e83aff39,Ahmad,linkedin,2026-09-17T12:40:33.422297+00:00,,,,10,0-25,REASONABLE,PASS,NONE,send,NONE,send,skip,DISAGREE,false,"tech company",false,0,0,0,REVIEW,NO,""
07b152e3-1154-4cf2-b77e-bd914b26e7cb,Ahmad,linkedin,2026-09-17T12:42:20.476343+00:00,,,,12,60-85,UNDER_SCORE,PASS,NONE,send,STRONG,send,skip,DISAGREE,true,"full stack, engineering team",false,0,0,0,REVIEW,YES,"Strong buyer intent but scored below 50"
2e71da96-e349-4e2a-9105-500d10380a48,Hassan,linkedin,2026-09-17T12:44:16.247645+00:00,,,,12,60-85,UNDER_SCORE,PASS,NONE,send,STRONG,send,skip,DISAGREE,true,"full stack, fullstack",false,0,0,0,REVIEW,YES,"Strong buyer intent but scored below 50"
88aad6eb-bc83-4a47-8b02-c1f3e248f91a,Ahmad,linkedin,2026-09-17T12:47:54.738968+00:00,,,,12,60-85,UNDER_SCORE,PASS,NONE,send,STRONG,send,message,DISAGREE,false,"",false,0,0,0,REVIEW,NO,"Strong buyer intent but scored below 50"
67914c19-efed-488c-b2d7-8fe528a4425b,Ahmad,linkedin,2026-09-17T12:49:23.409321+00:00,,,,10,60-85,UNDER_SCORE,PASS,NONE,send,STRONG,send,message,DISAGREE,false,"",false,0,0,0,REVIEW,NO,"Strong buyer intent but scored below 50"
58f454f7-0a53-4667-9e56-ae5a244bdfb5,Hassan,linkedin,2026-09-17T12:50:27.150552+00:00,,,,11,60-85,UNDER_SCORE,PASS,NONE,send,STRONG,send,message,DISAGREE,false,"engineering team",false,0,0,0,REVIEW,NO,"Strong buyer intent but scored below 50"
983bfd11-392c-46ae-bd83-c5e805045f88,Najiullah,linkedin,2026-09-17T13:40:14.273368+00:00,,,,12,60-85,UNDER_SCORE,PASS,NONE,send,STRONG,send,message,DISAGREE,false,"",false,0,0,0,REVIEW,NO,"Strong buyer intent but scored below 50"
4a1bf1ff-02a4-4710-9f99-83fee3a5303a,Ahmad,linkedin,2026-09-17T13:42:19.200315+00:00,,,,12,60-85,UNDER_SCORE,PASS,NONE,send,STRONG,send,skip,DISAGREE,true,"full stack, fullstack",false,0,0,0,REVIEW,YES,"Strong buyer intent but scored below 50"
2def6007-8cd8-43a7-8f43-2845b1c65bbb,Ahmad,linkedin,2026-09-17T13:45:20.737497+00:00,,,,12,0-27,REASONABLE,PASS,NONE,send,MODERATE,send,connect,DISAGREE,false,"digital agency",false,0,0,0,REVIEW,NO,""
d7f48eea-03cf-4b1b-981b-3b6c1b106ceb,Hassan,linkedin,2026-09-17T13:45:50.199084+00:00,,,,10,60-85,UNDER_SCORE,PASS,NONE,send,STRONG,send,skip,DISAGREE,true,"engineering team, product development",false,0,0,0,REVIEW,YES,"Strong buyer intent but scored below 50"
47885642-dfc5-4dad-b368-4d7a56b97c98,Hassan,linkedin,2026-09-17T13:49:42.637519+00:00,,,,11,60-85,UNDER_SCORE,PASS,NONE,send,STRONG,send,skip,DISAGREE,true,"software development, outsourcing, development firm, engineering team",false,0,0,0,REVIEW,YES,"Strong buyer intent but scored below 50"
291e5eec-53cf-48c5-9e75-59099bdaf999,Ahmad,linkedin,2026-09-17T13:52:44.648646+00:00,,,,12,60-85,UNDER_SCORE,PASS,NONE,send,STRONG,send,skip,DISAGREE,true,"software development, custom software, full stack, saas development, application development",false,0,0,0,REVIEW,YES,"Strong buyer intent but scored below 50"
32b57f45-20a9-4e42-84c5-a03d12ba79fe,Ahmad,linkedin,2026-09-17T13:56:54.165009+00:00,,,,10,60-85,UNDER_SCORE,PASS,NONE,send,STRONG,send,skip,DISAGREE,true,"full stack, product development",false,0,0,0,REVIEW,YES,"Strong buyer intent but scored below 50"
5f8e2671-485b-4822-9269-fb5c45fc68af,Hassan,linkedin,2026-09-17T13:57:15.276145+00:00,,,,11,60-85,UNDER_SCORE,PASS,NONE,send,STRONG,send,message,DISAGREE,false,"",false,0,0,0,REVIEW,NO,"Strong buyer intent but scored below 50"
d087a53a-1530-47b7-8576-27a9a299aedb,Ahmad,linkedin,2026-09-17T14:05:36.024816+00:00,,,,10,60-85,UNDER_SCORE,PASS,NONE,send,STRONG,send,message,DISAGREE,false,"",false,0,0,0,REVIEW,NO,"Strong buyer intent but scored below 50"
1ce6085e-3211-4231-9421-ecde7c65b3b3,Ahmad,linkedin,2026-09-17T14:09:13.514201+00:00,,,,12,60-85,UNDER_SCORE,PASS,NONE,send,STRONG,send,message,DISAGREE,false,"tech company",false,0,0,0,REVIEW,NO,"Strong buyer intent but scored below 50"
5adbabd6-e90a-40b2-b745-adb96792acb2,Ahmad,linkedin,2026-09-17T14:13:45.858678+00:00,,,,11,60-85,UNDER_SCORE,PASS,NONE,send,STRONG,send,message,DISAGREE,false,"",false,0,0,0,REVIEW,NO,"Strong buyer intent but scored below 50"
276ac7d2-925e-4144-875b-dc2389deef63,Ahmad,linkedin,2026-09-17T14:17:51.195005+00:00,,,,12,60-85,UNDER_SCORE,PASS,NONE,send,STRONG,send,skip,DISAGREE,true,"software development, custom software, web development, full stack, software company, saas development, database development, cloud management, application development",false,0,0,0,REVIEW,YES,"Strong buyer intent but scored below 50"
0eef880f-acdf-4832-9933-a90b3b194e43,Hassan,linkedin,2026-09-17T14:39:30.669069+00:00,,,,12,60-85,UNDER_SCORE,PASS,NONE,send,STRONG,send,skip,DISAGREE,true,"software company, dev team, engineering team, product development",false,0,0,0,REVIEW,YES,"Strong buyer intent but scored below 50"
c4bcc44b-cebd-4c6b-a385-a8a6943baa6e,Ahmad,linkedin,2026-09-17T14:59:08.822057+00:00,,,,10,60-85,UNDER_SCORE,PASS,NONE,send,STRONG,send,skip,DISAGREE,true,"software development, fullstack",false,0,0,0,REVIEW,YES,"Strong buyer intent but scored below 50"
2b7b9560-24fe-4e6e-8c59-0a4a569757a3,Hassan,linkedin,2026-09-17T15:02:10.987521+00:00,,,,12,60-85,UNDER_SCORE,PASS,NONE,send,STRONG,send,message,DISAGREE,false,"",false,0,0,0,REVIEW,NO,"Strong buyer intent but scored below 50"
e403b947-e8ac-4030-b1b5-ac5cedc820a6,Hassan,linkedin,2026-09-17T15:16:05.227804+00:00,,,,12,60-85,UNDER_SCORE,PASS,NONE,send,STRONG,send,message,DISAGREE,false,"software development",false,0,0,0,REVIEW,NO,"Strong buyer intent but scored below 50"
258dbf2f-71f8-4c56-8b0a-6c82e584fd99,Hassan,linkedin,2026-09-17T15:19:42.02706+00:00,,,,10,60-85,UNDER_SCORE,PASS,NONE,send,STRONG,send,skip,DISAGREE,true,"full stack, engineering team",false,0,0,0,REVIEW,YES,"Strong buyer intent but scored below 50"
b85992a1-576e-4286-a4d0-20ebac73b648,Hassan,linkedin,2026-09-17T15:23:05.177002+00:00,,,,12,60-85,UNDER_SCORE,PASS,NONE,send,STRONG,send,skip,DISAGREE,true,"full stack, engineering team, product development",false,0,0,0,REVIEW,YES,"Strong buyer intent but scored below 50"
38fc881b-542b-4544-a25c-32398fdf855f,Hassan,linkedin,2026-09-17T23:40:05.631972+00:00,,,,12,0-27,REASONABLE,PASS,NONE,send,NONE,send,skip,DISAGREE,false,"",false,0,0,0,REVIEW,NO,""
a07d53d9-1ed5-4f3f-b43d-ab07578bf067,Aneeb,linkedin,2026-09-18T00:00:05.926723+00:00,,,,12,60-85,UNDER_SCORE,PASS,NONE,send,STRONG,send,skip,DISAGREE,true,"full stack, fullstack, saas development",false,0,0,0,REVIEW,YES,"Strong buyer intent but scored below 50"
a0cb2bbf-fe20-4bd2-b57b-09203f1d20e6,Ahmad,linkedin,2026-09-18T14:51:00.782433+00:00,,,,10,60-85,UNDER_SCORE,PASS,NONE,send,STRONG,send,skip,DISAGREE,true,"digital solutions, product development",false,0,0,0,REVIEW,YES,"Strong buyer intent but scored below 50"
cb2be92a-0431-4040-94ec-70c144b5660f,Ahmad,linkedin,2026-09-18T14:53:12.320045+00:00,,,,12,0-27,REASONABLE,PASS,NONE,send,NONE,send,skip,DISAGREE,false,"",false,0,0,0,REVIEW,NO,""
58e60bca-04e9-4413-8d58-686d8df9e61d,Ahmad,linkedin,2026-09-18T15:22:22.02386+00:00,,,,12,0-27,REASONABLE,PASS,NONE,send,NONE,send,skip,DISAGREE,false,"product development",false,0,0,0,REVIEW,NO,""
f8a4d10b-3193-48a5-85e7-79cf7c3bb45c,Hassan,linkedin,2026-09-18T16:01:04.631464+00:00,,,,12,60-85,UNDER_SCORE,PASS,NONE,send,STRONG,send,message,DISAGREE,false,"software company",false,0,0,0,REVIEW,NO,"Strong buyer intent but scored below 50"
a0a5abcc-31ed-4995-bb2d-d7607c45b6bf,Hassan,linkedin,2026-09-18T16:02:00.021803+00:00,,,,12,0-27,REASONABLE,PASS,NONE,send,NONE,send,skip,DISAGREE,false,"",false,0,0,0,REVIEW,NO,""
4ce13b11-aa7e-40e1-b9cb-7a2757e9b3d6,Hassan,linkedin,2026-09-18T16:04:05.841397+00:00,,,,10,60-85,UNDER_SCORE,PASS,NONE,send,STRONG,send,message,DISAGREE,false,"engineering team",false,0,0,0,REVIEW,NO,"Strong buyer intent but scored below 50"
eab00754-0bc1-4c3f-ab73-1bc572eb11c0,Ahmad,linkedin,2026-09-18T16:17:39.760676+00:00,,,,12,0-27,REASONABLE,PASS,NONE,send,NONE,send,skip,DISAGREE,false,"product development",false,0,0,0,REVIEW,NO,""
7391a199-6122-43db-97f5-16e6e2aff92f,Hassan,linkedin,2026-09-18T16:20:04.558316+00:00,,,,12,60-85,UNDER_SCORE,PASS,NONE,send,STRONG,send,skip,DISAGREE,true,"engineering team, product development",false,0,0,0,REVIEW,YES,"Strong buyer intent but scored below 50"
fa2dcdce-f3ab-4e28-9ca0-6fc1738693f8,Ahmad,linkedin,2026-09-18T20:19:42.264814+00:00,,,,12,60-85,UNDER_SCORE,PASS,NONE,send,STRONG,send,skip,DISAGREE,true,"full stack, fullstack, web design, engineering team, product development",false,0,0,0,REVIEW,YES,"Strong buyer intent but scored below 50"
fd76f26d-cc64-499e-b5f8-8c66c177858e,Ahmad,linkedin,2026-09-20T00:12:20.174166+00:00,,,,11,60-85,UNDER_SCORE,PASS,NONE,send,STRONG,send,skip,DISAGREE,true,"fullstack, engineering team, product development",false,0,0,0,REVIEW,YES,"Strong buyer intent but scored below 50"
05c49cef-5dda-40d9-98b7-2cb8511b1a29,Ahmad,linkedin,2026-09-21T10:13:23.50835+00:00,,,,10,60-85,UNDER_SCORE,PASS,NONE,send,STRONG,send,skip,DISAGREE,true,"software development, custom software, outsourcing, engineering team",false,0,0,0,REVIEW,YES,"Strong buyer intent but scored below 50"
137f88e6-6925-4748-90d7-4d308a25455d,Ahmad,linkedin,2026-09-21T10:15:15.258516+00:00,,,,12,60-85,UNDER_SCORE,PASS,NONE,send,STRONG,send,skip,DISAGREE,true,"software development, software solutions, engineering team",false,0,0,0,REVIEW,YES,"Strong buyer intent but scored below 50"
0fe96b49-43c4-47db-bd48-456c99cc618e,Ahmad,linkedin,2026-09-21T10:19:28.863063+00:00,,,,12,60-85,UNDER_SCORE,PASS,NONE,send,STRONG,send,skip,DISAGREE,true,"tech company, engineering team, product development",false,0,0,0,REVIEW,YES,"Strong buyer intent but scored below 50"
c84f48ba-ba72-4b5d-89e7-8482cfd44848,Ahmad,linkedin,2026-09-21T11:28:04.804485+00:00,,,,11,60-85,UNDER_SCORE,PASS,NONE,send,STRONG,send,skip,DISAGREE,true,"software development, it services",false,0,0,0,REVIEW,YES,"Strong buyer intent but scored below 50"
4bca8db0-efdb-431a-a8f3-83df47345012,Ahmad,linkedin,2026-09-21T11:34:13.126934+00:00,,,,12,60-85,UNDER_SCORE,PASS,NONE,send,STRONG,send,message,DISAGREE,false,"",false,0,0,0,REVIEW,NO,"Strong buyer intent but scored below 50"
65514fe5-71fd-44bb-8a33-97c02f7fd2e7,Ahmad,linkedin,2026-09-21T11:38:04.196048+00:00,,,,12,0-27,REASONABLE,PASS,NONE,send,NONE,send,skip,DISAGREE,false,"",false,0,0,0,REVIEW,NO,""
9c269952-4c56-489f-8da3-03d80741e831,Ahmad,linkedin,2026-09-21T11:45:57.204482+00:00,,,,12,60-85,UNDER_SCORE,PASS,NONE,send,STRONG,send,message,DISAGREE,false,"",false,0,0,0,REVIEW,NO,"Strong buyer intent but scored below 50"
0e8ec314-32c9-4ee7-8f7e-ea96efec7c18,Ahmad,linkedin,2026-09-21T11:52:13.82979+00:00,,,,12,60-85,UNDER_SCORE,PASS,NONE,send,STRONG,send,message,DISAGREE,false,"software development",false,0,0,0,REVIEW,NO,"Strong buyer intent but scored below 50"
fd44053f-305d-4a6b-8554-cffc00856154,Ahmad,linkedin,2026-09-21T12:22:37.650644+00:00,,,,11,0-26,REASONABLE,PASS,NONE,send,NONE,send,skip,DISAGREE,true,"software development, custom software, web development, web design, database development, application development",false,0,0,0,REVIEW,YES,"Competitor profile"
caa7242e-c6f4-4184-8231-e37d59652df8,Ahmad,linkedin,2026-09-21T12:26:33.41174+00:00,,,,11,0-26,REASONABLE,PASS,NONE,send,NONE,send,skip,DISAGREE,false,"product development",false,0,0,0,REVIEW,NO,""
7ad27dbb-fc68-4aea-be0d-95b510240ac3,Ahmad,linkedin,2026-09-21T12:29:17.290283+00:00,,,,12,60-85,UNDER_SCORE,PASS,NONE,send,STRONG,send,skip,DISAGREE,true,"software development, custom software, full stack, application development, product development",false,0,0,0,REVIEW,YES,"Strong buyer intent but scored below 50"
e1ac61bd-4807-4f9f-be86-e1a5d649e337,Ahmad,linkedin,2026-09-21T12:32:17.63221+00:00,,,,12,60-85,UNDER_SCORE,PASS,NONE,send,STRONG,send,message,DISAGREE,false,"",false,0,0,0,REVIEW,NO,"Strong buyer intent but scored below 50"
abfbcce6-7a86-47ae-ab08-c98ccd212d16,Ahmad,linkedin,2026-09-21T12:37:49.143133+00:00,,,,12,60-85,UNDER_SCORE,PASS,NONE,send,STRONG,send,message,DISAGREE,false,"",false,0,0,0,REVIEW,NO,"Strong buyer intent but scored below 50"
8c0e79b8-9081-4902-83b6-1fffdffdeeea,Ahmad,linkedin,2026-09-21T12:42:08.172059+00:00,,,,12,60-85,UNDER_SCORE,PASS,NONE,send,STRONG,send,message,DISAGREE,false,"",false,0,0,0,REVIEW,NO,"Strong buyer intent but scored below 50"
d56f5587-4f54-43a8-9440-e8cd887345b0,Ahmad,linkedin,2026-09-21T12:44:02.714791+00:00,,,,11,60-85,UNDER_SCORE,PASS,NONE,send,STRONG,send,message,DISAGREE,false,"building software",false,0,0,0,REVIEW,NO,"Strong buyer intent but scored below 50"
90826e44-2ae8-4973-b788-b7173171f4e7,Ahmad,linkedin,2026-09-21T12:58:27.332111+00:00,,,,10,60-85,UNDER_SCORE,PASS,NONE,send,STRONG,send,skip,DISAGREE,true,"outsourcing, engineering team",false,0,0,0,REVIEW,YES,"Strong buyer intent but scored below 50"
49026cf1-3508-458b-8731-8047857cfbab,Ahmad,linkedin,2026-09-21T13:01:33.575454+00:00,,,,11,0-26,REASONABLE,INSUFFICIENT_SOURCE,NONE,send,NONE,send,skip,DISAGREE,false,"full stack",false,0,0,0,REVIEW,NO,""
9aa2f31e-5f74-43c7-880e-1a8622a1da22,Ahmad,linkedin,2026-09-21T13:08:13.142577+00:00,,,,10,60-85,UNDER_SCORE,PASS,NONE,send,STRONG,send,message,DISAGREE,false,"building software",false,0,0,0,REVIEW,NO,"Strong buyer intent but scored below 50"
d5716a93-78de-41e2-908c-ef22599b0c40,Ahmad,linkedin,2026-09-21T13:10:03.771406+00:00,,,,12,60-85,UNDER_SCORE,PASS,NONE,send,STRONG,send,message,DISAGREE,false,"product development",false,0,0,0,REVIEW,NO,"Strong buyer intent but scored below 50"
08eb726d-2546-40f5-93b1-6556f412dad5,Ahmad,linkedin,2026-09-21T13:11:31.075572+00:00,,,,11,0-26,REASONABLE,PASS,NONE,send,NONE,send,skip,DISAGREE,true,"full stack, fullstack, software solutions, saas development, application development",false,0,0,0,REVIEW,YES,"Competitor profile"
e8ef4b90-0ce9-44f5-a1d7-d45bf55c2661,Ahmad,linkedin,2026-09-21T13:24:46.090141+00:00,,,,12,0-27,REASONABLE,PASS,NONE,send,NONE,send,skip,DISAGREE,false,"",false,0,0,0,REVIEW,NO,""
0bca7903-5ed5-4722-86da-cafff5bf4e6b,Ahmad,linkedin,2026-09-21T13:30:27.168166+00:00,,,,11,0-26,REASONABLE,PASS,NONE,send,NONE,send,skip,DISAGREE,false,"",false,0,0,0,REVIEW,NO,""
a7f876be-ee41-48fe-80f8-96a13e57426f,Ahmad,linkedin,2026-09-21T13:32:40.428188+00:00,,,,11,60-85,UNDER_SCORE,PASS,NONE,send,STRONG,send,message,DISAGREE,false,"",false,0,0,0,REVIEW,NO,"Strong buyer intent but scored below 50"
eb56d99e-2731-48b6-9dd9-c25c5fc836c4,Hassan,linkedin,2026-09-21T13:34:48.520632+00:00,,,,12,60-85,UNDER_SCORE,PASS,NONE,send,STRONG,send,skip,DISAGREE,true,"software development, custom software, web development, database development, application development, engineering team",false,0,0,0,REVIEW,YES,"Strong buyer intent but scored below 50"
b1d1eb42-cad3-44e8-80ae-635c6e7650de,Hassan,linkedin,2026-09-21T13:38:14.239484+00:00,,,,12,60-85,UNDER_SCORE,PASS,NONE,send,STRONG,send,skip,DISAGREE,true,"custom software, web development, app development, digital solutions",false,0,0,0,REVIEW,YES,"Strong buyer intent but scored below 50"
3f3aa4f7-f87a-4b83-bc6b-d405f5b662f7,Ahmad,linkedin,2026-09-21T13:40:41.644818+00:00,,,,12,60-85,UNDER_SCORE,PASS,NONE,send,STRONG,send,message,DISAGREE,false,"",false,0,0,0,REVIEW,NO,"Strong buyer intent but scored below 50"
6dc13fd9-ba55-41fe-aaba-2ec6e85a645f,Ahmad,linkedin,2026-09-21T13:43:36.451689+00:00,,,,10,0-25,REASONABLE,PASS,NONE,send,NONE,send,skip,DISAGREE,false,"",false,0,0,0,REVIEW,NO,""
6e40c20c-37e4-4fa9-9d3e-e72b1656db6f,Aneeb,linkedin,2026-09-21T13:45:24.269515+00:00,,relay_qualification_v2,relay_qualification_v2,61,0-25,SEVERE_OVER_SCORE,PASS,POLLUTED,maybe,STRONG,maybe,skip,DISAGREE,true,"software development, custom software, web development, code graphers, software solutions, digital solutions, saas development, web design, software testing, database development, cloud management, application development, building software",true,6,1,5,REVIEW,YES,"Competitor/dev company scored too high"
39ed9fd2-c890-4879-ba7d-6b31e5b1b930,Hassan,linkedin,2026-09-21T13:46:32.023876+00:00,,,,12,60-85,UNDER_SCORE,PASS,NONE,send,STRONG,send,skip,DISAGREE,true,"web development, mobile development",false,0,0,0,REVIEW,YES,"Strong buyer intent but scored below 50"
afdbfbad-247b-41b6-a8f3-ee05949b1e1f,Ahmad,linkedin,2026-09-21T13:55:53.283297+00:00,,relay_qualification_v2,relay_qualification_v2,64,15-35,MODERATE_OVER_SCORE,PASS,POLLUTED,maybe,NONE,maybe,skip,DISAGREE,false,"",true,6,0,5,REVIEW,YES,"No buyer intent but scored above 60"
92a87a97-9ce5-45b6-b4b0-32b7a8e920b3,Ahmad,linkedin,2026-09-21T14:23:52.689996+00:00,,relay_qualification_v2,relay_qualification_v2,62,15-35,MODERATE_OVER_SCORE,PASS,POLLUTED,maybe,NONE,maybe,skip,DISAGREE,false,"engineering team",true,21,15,6,REVIEW,YES,"No buyer intent but scored above 60"
03b73bb0-a4a9-47eb-9843-3640516ed240,Ahmad,linkedin,2026-09-21T14:27:54.748794+00:00,,relay_qualification_v2,relay_qualification_v2,46,31-61,REASONABLE,INSUFFICIENT_SOURCE,POLLUTED,skip,NONE,skip,skip,AGREE,false,"",true,3,0,3,OK,NO,""
778d7d08-6100-4d6b-9148-9a7a42fe3a7c,Hassan,linkedin,2026-09-21T14:37:58.427362+00:00,,relay_qualification_v2,relay_qualification_v2,62,47-77,REASONABLE,PASS,POLLUTED,maybe,STRONG,maybe,message,DISAGREE,false,"engineering team",true,18,11,7,REVIEW,NO,""
1fd8e90d-4f54-4a3c-bdd2-2b2e09216760,Hassan,linkedin,2026-09-21T14:48:59.822862+00:00,,relay_qualification_v2,relay_qualification_v2,75,60-90,REASONABLE,INSUFFICIENT_SOURCE,POLLUTED,worth_pursuing,STRONG,worth_pursuing,message,DISAGREE,false,"",true,6,1,5,REVIEW,NO,""
ec8ae1d4-bb59-4046-bbd4-a66e0395fe3f,Ahmad,linkedin,2026-09-21T14:54:12.450259+00:00,,relay_qualification_v2,relay_qualification_v2,38,23-53,REASONABLE,INSUFFICIENT_SOURCE,POLLUTED,skip,NONE,skip,skip,AGREE,false,"",true,2,0,2,OK,NO,""
99451b43-f7da-4b16-908f-dbae877fee16,Hassan,linkedin,2026-09-21T15:03:26.056509+00:00,,relay_qualification_v2,relay_qualification_v2,82,0-25,SEVERE_OVER_SCORE,PASS,POLLUTED,worth_pursuing,STRONG,worth_pursuing,skip,DISAGREE,true,"software development, mobile development, web design, engineering team",true,15,6,8,REVIEW,YES,"Competitor/dev company scored too high"
806d0d06-83c1-4bce-999a-03135856d1fa,Ahmad,linkedin,2026-09-21T15:10:54.854995+00:00,,relay_qualification_v2,relay_qualification_v2,39,24-54,REASONABLE,PASS,POLLUTED,skip,NONE,skip,skip,AGREE,false,"",true,14,10,4,OK,NO,""
f1180175-a5f4-461f-aca4-cceea32f6555,Ahmad,linkedin,2026-09-21T15:18:29.8361+00:00,,relay_qualification_v2,relay_qualification_v2,58,43-73,REASONABLE,PASS,POLLUTED,maybe,NONE,maybe,skip,DISAGREE,false,"it services",true,4,0,4,REVIEW,NO,""
ce1cb37d-4913-4280-befd-7d746c23a7f4,Dawood,linkedin,2026-09-21T16:48:52.441697+00:00,,,,10,60-85,UNDER_SCORE,PASS,NONE,send,STRONG,send,skip,DISAGREE,true,"software development, web development, app development, application development",false,0,0,0,REVIEW,YES,"Strong buyer intent but scored below 50"
0fb11b17-8a87-4d67-ae4e-30b5ae16ac08,Dawood,linkedin,2026-09-21T16:58:31.597378+00:00,,,,12,60-85,UNDER_SCORE,PASS,NONE,send,STRONG,send,skip,DISAGREE,true,"software development, custom software, web development, outsourcing, application development, engineering team",false,0,0,0,REVIEW,YES,"Strong buyer intent but scored below 50"
5aad8018-e5bd-4f57-90b7-99ec19e54f3f,Ahmad,linkedin,2026-09-21T17:07:40.120303+00:00,,relay_qualification_v2,relay_qualification_v2,47,60-85,UNDER_SCORE,PASS,POLLUTED,skip,STRONG,skip,message,DISAGREE,false,"",true,11,6,5,REVIEW,NO,"Strong buyer intent but scored below 50"
824696e9-0bf5-48ac-8dc4-80254cba9395,Hassan,linkedin,2026-09-21T17:27:29.789606+00:00,,relay_qualification_v2,relay_qualification_v2,51,0-25,SEVERE_OVER_SCORE,PASS,POLLUTED,skip,STRONG,skip,skip,AGREE,true,"software development, software solutions, software testing",true,16,10,6,REVIEW,YES,"Competitor/dev company scored too high"
83a484b5-291b-4af8-b21e-76a6b255d1fe,Ahmad,linkedin,2026-09-22T09:42:59.357499+00:00,,relay_qualification_v2,relay_qualification_v2,64,0-25,SEVERE_OVER_SCORE,PASS,POLLUTED,maybe,STRONG,maybe,skip,DISAGREE,true,"software development, application development",true,31,25,6,REVIEW,YES,"Competitor/dev company scored too high"
266bd6d5-96b2-42c0-a46f-9166fb78f615,Ahmad,linkedin,2026-09-22T10:08:53.383837+00:00,,relay_qualification_v2,relay_qualification_v2,13,60-85,UNDER_SCORE,PASS,POLLUTED,skip,STRONG,skip,message,DISAGREE,false,"",true,24,19,5,REVIEW,NO,"Strong buyer intent but scored below 50"
b403b3db-dd05-4d6c-9cce-417906d60cd2,Dawood,linkedin,2026-09-22T10:32:51.934848+00:00,,relay_qualification_v2,relay_qualification_v2,66,51-81,REASONABLE,PASS,POLLUTED,maybe,STRONG,maybe,message,DISAGREE,false,"",true,9,2,6,REVIEW,NO,""
411f8d8f-843c-491b-b5e2-32f2c9c9a31b,Hassan,linkedin,2026-09-22T10:44:50.966005+00:00,,relay_qualification_v2,relay_qualification_v2,12,60-85,UNDER_SCORE,INSUFFICIENT_SOURCE,POLLUTED,skip,STRONG,skip,message,DISAGREE,false,"",true,5,1,4,REVIEW,NO,"Strong buyer intent but scored below 50"
944919fd-e31a-485c-8917-5719601c8dca,Abdullah,linkedin,2026-09-22T11:40:20.262945+00:00,,relay_qualification_v2,relay_qualification_v2,65,0-25,SEVERE_OVER_SCORE,PASS,POLLUTED,maybe,STRONG,maybe,skip,DISAGREE,true,"full stack, fullstack, building software, engineering team",true,8,1,7,REVIEW,YES,"Competitor/dev company scored too high"
af5c0e23-3a1e-4380-bb14-add18559cacf,Hassan,linkedin,2026-09-22T11:43:29.405631+00:00,,relay_qualification_v2,relay_qualification_v2,77,62-92,REASONABLE,INSUFFICIENT_SOURCE,POLLUTED,worth_pursuing,STRONG,worth_pursuing,message,DISAGREE,false,"",true,7,1,6,REVIEW,NO,""
2586755f-751e-4d9e-bb72-4c13af2a40b9,Aneeb,linkedin,2026-09-22T12:46:13.306681+00:00,,relay_qualification_v2,relay_qualification_v2,47,32-62,REASONABLE,PASS,POLLUTED,skip,NONE,skip,skip,AGREE,false,"",true,7,3,4,OK,NO,""
5c379539-9ef7-49f4-b1da-ec130d8475dd,Ahmad,linkedin,2026-09-22T12:56:18.460518+00:00,,relay_qualification_v2,relay_qualification_v2,58,43-73,REASONABLE,PASS,POLLUTED,maybe,STRONG,maybe,message,DISAGREE,false,"",true,5,0,5,REVIEW,NO,""
ded04019-5545-4b43-9863-de9e77e8637e,Ahmad,linkedin,2026-09-22T13:08:00.298598+00:00,,relay_qualification_v2,relay_qualification_v2,72,57-87,REASONABLE,PASS,POLLUTED,worth_pursuing,STRONG,worth_pursuing,message,DISAGREE,false,"",true,15,7,7,REVIEW,NO,""
e8c58e95-7d55-484a-ab94-d483e01dbf60,Ahmad,linkedin,2026-09-22T13:22:26.910184+00:00,,relay_qualification_v2,relay_qualification_v2,64,0-25,SEVERE_OVER_SCORE,PASS,POLLUTED,maybe,STRONG,maybe,skip,DISAGREE,true,"software development, engineering team",true,14,7,7,REVIEW,YES,"Competitor/dev company scored too high"
b06272f8-0821-4c45-a146-1811090b302f,Dawood,linkedin,2026-09-22T14:44:58.635732+00:00,,relay_qualification_v2,relay_qualification_v2,64,49-79,REASONABLE,PASS,POLLUTED,maybe,STRONG,maybe,message,DISAGREE,false,"software consulting",true,7,0,6,REVIEW,NO,""
5e2f183f-057d-4ce8-a2f9-9315a5c698c5,Dawood,linkedin,2026-09-22T14:47:30.758324+00:00,,relay_qualification_v2,relay_qualification_v2,64,0-25,SEVERE_OVER_SCORE,PASS,POLLUTED,maybe,STRONG,maybe,skip,DISAGREE,true,"software development, fullstack, engineering team",true,10,3,6,REVIEW,YES,"Competitor/dev company scored too high"
e9ab6c71-18ea-4324-9cf0-60c78c7d39bb,Ahmad,linkedin,2026-09-22T14:48:33.701965+00:00,,relay_qualification_v2,relay_qualification_v2,87,72-102,REASONABLE,PASS,POLLUTED,strong,STRONG,strong,message,DISAGREE,false,"full stack",true,15,5,9,REVIEW,NO,""
8642b221-3286-4e1a-ab70-1223f97ddf8b,Hassan,linkedin,2026-09-22T14:54:10.425188+00:00,,relay_qualification_v2,relay_qualification_v2,75,60-90,REASONABLE,INSUFFICIENT_SOURCE,POLLUTED,worth_pursuing,STRONG,worth_pursuing,message,DISAGREE,false,"",true,6,1,5,REVIEW,NO,""
bba8045d-8438-4dfd-9edc-918686324d14,Dawood,linkedin,2026-09-22T14:55:17.876017+00:00,,relay_qualification_v2,relay_qualification_v2,85,70-100,REASONABLE,PASS,POLLUTED,strong,STRONG,strong,message,DISAGREE,false,"engineering team",true,10,1,8,REVIEW,NO,""
7b101bc5-f68d-463e-8df7-3bb335ce03bc,Ahmad,linkedin,2026-09-22T15:08:26.894278+00:00,,relay_qualification_v2,relay_qualification_v2,63,0-25,SEVERE_OVER_SCORE,PASS,POLLUTED,maybe,STRONG,maybe,skip,DISAGREE,true,"software consulting, freelance developer, engineering team",true,19,13,6,REVIEW,YES,"Competitor/dev company scored too high"
ae8ec990-3e1a-429e-a448-b2ed2bd3aef9,Hassan,linkedin,2026-09-22T15:44:30.174017+00:00,,relay_qualification_v2,relay_qualification_v2,89,0-25,SEVERE_OVER_SCORE,PASS,POLLUTED,strong,STRONG,strong,skip,DISAGREE,true,"full stack, fullstack, engineering team",true,24,14,9,REVIEW,YES,"Competitor/dev company scored too high"
0c59cb73-0d9c-4414-9bf3-3e02eba72502,Dawood,linkedin,2026-09-22T15:53:22.114476+00:00,,relay_qualification_v2,relay_qualification_v2,55,40-70,REASONABLE,PASS,POLLUTED,maybe,NONE,maybe,skip,DISAGREE,false,"",true,5,0,4,REVIEW,NO,""
47b12b5d-94f9-4de1-b487-faa206c17a0d,Dawood,linkedin,2026-09-22T15:57:24.059946+00:00,,relay_qualification_v2,relay_qualification_v2,85,15-35,MODERATE_OVER_SCORE,PASS,POLLUTED,strong,NONE,strong,skip,DISAGREE,false,"",true,10,1,8,REVIEW,YES,"No buyer intent but scored above 60"
b9fd13a8-6090-4eec-9b0b-9f1eaa8eb497,Dawood,linkedin,2026-09-22T16:03:57.017426+00:00,,relay_qualification_v2,relay_qualification_v2,72,0-25,SEVERE_OVER_SCORE,PASS,POLLUTED,worth_pursuing,STRONG,worth_pursuing,skip,DISAGREE,true,"software development, tech company, application development, product development",true,19,11,7,REVIEW,YES,"Competitor/dev company scored too high"
9ca9fe45-f50f-400a-bbd6-dabff8694d17,Dawood,linkedin,2026-09-22T16:06:53.892312+00:00,,relay_qualification_v2,relay_qualification_v2,60,0-25,SEVERE_OVER_SCORE,PASS,POLLUTED,maybe,NONE,maybe,skip,DISAGREE,true,"software development, product development",true,5,0,4,REVIEW,YES,"Competitor/dev company scored too high"
8f7769de-6d19-44b4-af57-fb65850c0929,Dawood,linkedin,2026-09-22T16:08:21.899142+00:00,,relay_qualification_v2,relay_qualification_v2,62,0-25,SEVERE_OVER_SCORE,PASS,POLLUTED,maybe,NONE,maybe,skip,DISAGREE,true,"software development, software solutions, product development",true,15,8,6,REVIEW,YES,"Competitor/dev company scored too high"
53f4e837-7b80-4273-b79d-22756e92b512,Abdullah,linkedin,2026-09-22T16:09:17.115008+00:00,,relay_qualification_v2,relay_qualification_v2,66,51-81,REASONABLE,PASS,POLLUTED,maybe,STRONG,maybe,message,DISAGREE,false,"product development",true,20,13,7,REVIEW,NO,""
4c9d53cd-3276-4769-9919-68c224abc4ee,Dawood,linkedin,2026-09-22T16:12:01.051535+00:00,,relay_qualification_v2,relay_qualification_v2,78,63-93,REASONABLE,PASS,POLLUTED,worth_pursuing,STRONG,worth_pursuing,message,DISAGREE,false,"",true,15,6,8,REVIEW,NO,""
3b1110f7-eab5-41cc-8c6a-774b6ee36c88,Dawood,linkedin,2026-09-22T16:15:04.629556+00:00,,relay_qualification_v2,relay_qualification_v2,57,42-72,REASONABLE,PASS,POLLUTED,maybe,NONE,maybe,skip,DISAGREE,false,"engineering team",true,4,0,4,REVIEW,NO,""
d0719885-c96f-46ca-9857-f9b2d41a8b1b,Hassan,linkedin,2026-09-22T18:12:02.312206+00:00,,,,10,60-85,UNDER_SCORE,INSUFFICIENT_SOURCE,NONE,send,STRONG,send,message,DISAGREE,false,"",false,0,0,0,REVIEW,NO,"Strong buyer intent but scored below 50"
1f0adcb2-a62e-49e7-93fb-fbcaa0c11eb5,Ahmad,linkedin,2026-09-22T23:09:28.55276+00:00,,relay_qualification_v2,relay_qualification_v2,62,15-35,MODERATE_OVER_SCORE,PASS,POLLUTED,maybe,NONE,maybe,skip,DISAGREE,false,"",true,12,4,7,REVIEW,YES,"No buyer intent but scored above 60"
5882fe7e-3e16-45f6-83d6-1836a9462adf,Ahmad,linkedin,2026-09-22T23:54:49.755169+00:00,,relay_qualification_v2,relay_qualification_v2,55,40-70,REASONABLE,PASS,POLLUTED,maybe,STRONG,maybe,message,DISAGREE,false,"",true,10,5,5,REVIEW,NO,""
b7afbb3f-46df-4c6c-8a34-29acbaf58f33,Ahmad,linkedin,2026-09-23T00:02:23.138478+00:00,,relay_qualification_v2,relay_qualification_v2,78,0-25,SEVERE_OVER_SCORE,PASS,POLLUTED,worth_pursuing,STRONG,worth_pursuing,skip,DISAGREE,true,"software development, full stack, it services",true,13,5,8,REVIEW,YES,"Competitor/dev company scored too high"
b10a2a63-b0fb-4b1c-8f9d-9b4899d99b9e,Aneeb,linkedin,2026-09-23T00:31:41.97229+00:00,,relay_qualification_v2,relay_qualification_v2,70,15-35,MODERATE_OVER_SCORE,PASS,POLLUTED,worth_pursuing,NONE,worth_pursuing,skip,DISAGREE,false,"",true,8,1,6,REVIEW,YES,"No buyer intent but scored above 60"
e54679fa-60fb-424a-ae07-96bf1e7780b8,Dawood,linkedin,2026-09-23T09:05:34.550817+00:00,,relay_qualification_v2,relay_qualification_v2,64,49-79,REASONABLE,PASS,POLLUTED,maybe,STRONG,maybe,message,DISAGREE,false,"",true,26,19,6,REVIEW,NO,""
913be72e-4fc3-4e06-8842-d5974d7afb0b,Dawood,linkedin,2026-09-23T09:12:10.246671+00:00,,relay_qualification_v2,relay_qualification_v2,86,71-101,REASONABLE,PASS,POLLUTED,strong,STRONG,strong,message,DISAGREE,false,"software development",true,24,15,8,REVIEW,NO,""
3ff36e33-ea6d-4d11-ace1-f79df90ef939,Hassan,linkedin,2026-09-23T09:15:49.063919+00:00,,relay_qualification_v2,relay_qualification_v2,84,0-25,SEVERE_OVER_SCORE,PASS,POLLUTED,worth_pursuing,STRONG,worth_pursuing,skip,DISAGREE,true,"software development, full stack",true,10,1,8,REVIEW,YES,"Competitor/dev company scored too high"
1608be75-4f3b-4956-9f4c-6902322bd13a,Dawood,linkedin,2026-09-23T09:18:56.803901+00:00,,relay_qualification_v2,relay_qualification_v2,84,69-99,REASONABLE,PASS,POLLUTED,worth_pursuing,STRONG,worth_pursuing,message,DISAGREE,false,"",true,14,5,8,REVIEW,NO,""
5b511389-dd3e-44a5-a762-b86bc3abd226,Hassan,linkedin,2026-09-23T09:56:30.392442+00:00,,relay_qualification_v2,relay_qualification_v2,87,0-25,SEVERE_OVER_SCORE,PASS,POLLUTED,strong,STRONG,strong,skip,DISAGREE,true,"software development, web development, engineering team",true,21,11,9,REVIEW,YES,"Competitor/dev company scored too high"
3d69eb67-2eac-44c8-8a43-9c2a5780f81c,Dawood,linkedin,2026-09-23T10:39:32.2222+00:00,,relay_qualification_v2,relay_qualification_v2,66,51-81,REASONABLE,PASS,POLLUTED,maybe,STRONG,maybe,message,DISAGREE,false,"",true,5,0,5,REVIEW,NO,""
7ee668ca-032a-45d9-b6fc-1ba08eaf6014,Hassan,linkedin,2026-09-23T10:51:05.585905+00:00,,relay_qualification_v2,relay_qualification_v2,78,0-25,SEVERE_OVER_SCORE,PASS,POLLUTED,worth_pursuing,STRONG,worth_pursuing,skip,DISAGREE,true,"app development, full stack",true,15,7,8,REVIEW,YES,"Competitor/dev company scored too high"
8543b7d7-af2e-47d8-a460-f0c2efe53441,Dawood,linkedin,2026-09-23T10:51:23.080506+00:00,,relay_qualification_v2,relay_qualification_v2,84,69-99,REASONABLE,PASS,POLLUTED,worth_pursuing,MODERATE,worth_pursuing,connect,DISAGREE,false,"engineering team",true,10,1,8,REVIEW,NO,""
8e81eb5f-747d-4b59-88f8-59f65f862c69,Hassan,linkedin,2026-09-23T10:54:04.957428+00:00,,relay_qualification_v2,relay_qualification_v2,69,54-84,REASONABLE,PASS,POLLUTED,maybe,STRONG,maybe,message,DISAGREE,false,"software solutions",true,6,1,5,REVIEW,NO,""
f7d2a94c-ed67-49bd-abe9-d2c9aed3d766,Dawood,linkedin,2026-09-23T10:55:08.29658+00:00,,relay_qualification_v2,relay_qualification_v2,72,57-87,REASONABLE,PASS,POLLUTED,worth_pursuing,STRONG,worth_pursuing,message,DISAGREE,false,"engineering team",true,14,7,6,REVIEW,NO,""
ad2b1637-c5e7-467c-8912-9e4d50b7d356,Hassan,linkedin,2026-09-23T10:55:56.287389+00:00,,relay_qualification_v2,relay_qualification_v2,85,70-100,REASONABLE,PASS,POLLUTED,strong,STRONG,strong,message,DISAGREE,false,"software development",true,17,7,9,REVIEW,NO,""
e361ca17-1776-4b68-b6e1-dcbab5eeea8d,Dawood,linkedin,2026-09-23T10:58:52.458481+00:00,,relay_qualification_v2,relay_qualification_v2,70,0-25,SEVERE_OVER_SCORE,PASS,POLLUTED,worth_pursuing,NONE,worth_pursuing,skip,DISAGREE,true,"dev team, engineering team",true,9,2,6,REVIEW,YES,"Competitor/dev company scored too high"
1a69c934-7df9-47d9-8927-8c4d012ed944,Dawood,linkedin,2026-09-23T11:20:24.612728+00:00,,relay_qualification_v2,relay_qualification_v2,71,0-25,SEVERE_OVER_SCORE,PASS,POLLUTED,worth_pursuing,NONE,worth_pursuing,skip,DISAGREE,true,"software development, custom software, web development, fullstack, digital solutions, software development company, saas development, application development",true,15,7,7,REVIEW,YES,"Competitor/dev company scored too high"
30c864e0-2466-4c6c-8339-6dd8cd572e17,Hassan,linkedin,2026-09-23T11:20:31.981765+00:00,,relay_qualification_v2,relay_qualification_v2,78,63-93,REASONABLE,PASS,POLLUTED,worth_pursuing,STRONG,worth_pursuing,message,DISAGREE,false,"",true,32,25,7,REVIEW,NO,""
93e5340b-1775-4283-bd01-06d1c9260f46,Dawood,linkedin,2026-09-23T11:24:04.47307+00:00,,relay_qualification_v2,relay_qualification_v2,78,63-93,REASONABLE,PASS,POLLUTED,worth_pursuing,STRONG,worth_pursuing,message,DISAGREE,false,"full stack",true,12,4,8,REVIEW,NO,""
1a0ed76a-a445-4cdb-8aa4-217c40141501,Dawood,linkedin,2026-09-23T11:28:26.905879+00:00,,relay_qualification_v2,relay_qualification_v2,87,72-102,REASONABLE,PASS,POLLUTED,strong,STRONG,strong,message,DISAGREE,false,"",true,19,9,9,REVIEW,NO,""
90f3ee79-f3c8-434d-94f0-a5b832cbe904,Dawood,linkedin,2026-09-23T11:43:11.620526+00:00,,relay_qualification_v2,relay_qualification_v2,75,15-35,MODERATE_OVER_SCORE,PASS,POLLUTED,worth_pursuing,NONE,worth_pursuing,skip,DISAGREE,false,"",true,7,0,6,REVIEW,YES,"No buyer intent but scored above 60"
f23e5f85-6a0f-4a6e-a8fb-2f4bbe4dd967,Dawood,linkedin,2026-09-23T11:45:24.715663+00:00,,relay_qualification_v2,relay_qualification_v2,72,57-87,REASONABLE,PASS,POLLUTED,worth_pursuing,MODERATE,worth_pursuing,connect,DISAGREE,false,"software development",true,7,0,6,REVIEW,NO,""
2ed06c88-0e36-4a83-8769-b663b5693db2,Abdullah,linkedin,2026-09-23T12:22:04.041149+00:00,,relay_qualification_v2,relay_qualification_v2,62,15-35,MODERATE_OVER_SCORE,PASS,POLLUTED,maybe,NONE,maybe,skip,DISAGREE,false,"",true,4,0,4,REVIEW,YES,"No buyer intent but scored above 60"
05056f1f-9375-4106-9e46-0be3659e0f7b,Dawood,linkedin,2026-09-23T12:32:32.906454+00:00,,relay_qualification_v2,relay_qualification_v2,85,70-100,REASONABLE,PASS,POLLUTED,strong,STRONG,strong,message,DISAGREE,false,"cloud management",true,18,9,8,REVIEW,NO,""
4ed79bd1-46db-4a32-bb92-c3dd2a4a8bbe,Dawood,linkedin,2026-09-23T12:40:38.046993+00:00,,relay_qualification_v2,relay_qualification_v2,74,0-25,SEVERE_OVER_SCORE,PASS,POLLUTED,worth_pursuing,STRONG,worth_pursuing,skip,DISAGREE,true,"software development, application development",true,5,0,5,REVIEW,YES,"Competitor/dev company scored too high"
9a9d7a57-c537-4825-9add-4f51d9a56ccf,Dawood,linkedin,2026-09-23T12:43:40.914048+00:00,,relay_qualification_v2,relay_qualification_v2,67,15-35,MODERATE_OVER_SCORE,PASS,POLLUTED,maybe,NONE,maybe,skip,DISAGREE,false,"product development",true,16,8,7,REVIEW,YES,"No buyer intent but scored above 60"
1410d407-3acc-48f6-ad07-a4ebfee8d774,Dawood,linkedin,2026-09-23T12:47:15.532044+00:00,,relay_qualification_v2,relay_qualification_v2,78,15-35,MODERATE_OVER_SCORE,PASS,POLLUTED,worth_pursuing,NONE,worth_pursuing,skip,DISAGREE,false,"engineering team",true,6,0,6,REVIEW,YES,"No buyer intent but scored above 60"
a69784eb-7f91-4b45-a999-0a12a1e4c1b3,Dawood,linkedin,2026-09-23T12:59:59.629146+00:00,,relay_qualification_v2,relay_qualification_v2,89,0-25,SEVERE_OVER_SCORE,PASS,POLLUTED,strong,MODERATE,strong,skip,DISAGREE,true,"software development, custom software, cloud management, application development, engineering team, product development",true,22,12,9,REVIEW,YES,"Competitor/dev company scored too high"
6fea293a-0d43-4a77-9256-fa9dbc343f80,Dawood,linkedin,2026-09-23T13:03:00.637223+00:00,,relay_qualification_v2,relay_qualification_v2,69,54-84,REASONABLE,PASS,POLLUTED,maybe,STRONG,maybe,message,DISAGREE,false,"engineering team",true,23,15,7,REVIEW,NO,""
6050fd98-c43c-40b2-8dfc-649485747437,Dawood,linkedin,2026-09-23T13:06:54.425782+00:00,,relay_qualification_v2,relay_qualification_v2,68,15-35,MODERATE_OVER_SCORE,PASS,POLLUTED,maybe,NONE,maybe,skip,DISAGREE,false,"software development",true,7,0,6,REVIEW,YES,"No buyer intent but scored above 60"
302da632-1139-4dd6-bb76-e6512d0e7d5a,Hassan,linkedin,2026-09-23T13:13:20.507527+00:00,,relay_qualification_v2,relay_qualification_v2,80,65-95,REASONABLE,INSUFFICIENT_SOURCE,POLLUTED,worth_pursuing,STRONG,worth_pursuing,message,DISAGREE,false,"",true,9,1,7,REVIEW,NO,""
a4fa38d9-2b8c-4f41-8ea4-058412cf78b0,Dawood,linkedin,2026-09-23T14:05:25.267546+00:00,,relay_qualification_v2,relay_qualification_v2,52,37-67,REASONABLE,PASS,POLLUTED,skip,NONE,skip,skip,AGREE,false,"",true,6,1,4,OK,NO,""
02c781f3-7829-4e87-be1f-c3127675a814,Dawood,linkedin,2026-09-23T14:07:58.092864+00:00,,relay_qualification_v2,relay_qualification_v2,77,15-35,MODERATE_OVER_SCORE,PASS,POLLUTED,worth_pursuing,NONE,worth_pursuing,skip,DISAGREE,false,"engineering team",true,13,4,8,REVIEW,YES,"No buyer intent but scored above 60"
3a169ddb-ba46-4d1e-bab1-86b674d33e97,Dawood,linkedin,2026-09-23T14:23:04.963168+00:00,,relay_qualification_v2,relay_qualification_v2,66,0-25,SEVERE_OVER_SCORE,PASS,POLLUTED,maybe,STRONG,maybe,skip,DISAGREE,true,"full stack, fullstack",true,10,3,7,REVIEW,YES,"Competitor/dev company scored too high"
e65e1df5-89bf-44c5-b921-22a725d679f1,Hassan,linkedin,2026-09-23T15:01:09.222745+00:00,,relay_qualification_v2,relay_qualification_v2,81,66-96,REASONABLE,INSUFFICIENT_SOURCE,POLLUTED,worth_pursuing,STRONG,worth_pursuing,message,DISAGREE,false,"",true,11,2,8,REVIEW,NO,""
645f9526-c009-4c1e-81a4-d36fb5f39457,Madiha,linkedin,2026-09-23T20:44:36.556683+00:00,,relay_qualification_v2,relay_qualification_v2,79,15-35,MODERATE_OVER_SCORE,PASS,POLLUTED,worth_pursuing,NONE,worth_pursuing,skip,DISAGREE,false,"",true,13,5,7,REVIEW,YES,"No buyer intent but scored above 60"
850e41d6-7553-46ba-9e41-e28d94939a2f,Madiha,linkedin,2026-09-23T20:49:01.027101+00:00,,relay_qualification_v2,relay_qualification_v2,83,0-25,SEVERE_OVER_SCORE,PASS,POLLUTED,worth_pursuing,NONE,worth_pursuing,skip,DISAGREE,true,"digital agency, engineering team",true,9,1,7,REVIEW,YES,"Competitor/dev company scored too high"
2d36e5ca-58bf-4a63-a1f7-6db5f49dbdbe,Madiha,linkedin,2026-09-23T20:58:06.291941+00:00,,relay_qualification_v2,relay_qualification_v2,75,0-25,SEVERE_OVER_SCORE,INSUFFICIENT_SOURCE,POLLUTED,worth_pursuing,STRONG,worth_pursuing,skip,DISAGREE,true,"software development, custom software, application development",true,14,5,8,REVIEW,YES,"Competitor/dev company scored too high"
8e528f7f-abd0-4e22-82f0-a369c942dafa,Madiha,linkedin,2026-09-23T21:03:17.556185+00:00,,relay_qualification_v2,relay_qualification_v2,76,15-35,MODERATE_OVER_SCORE,PASS,POLLUTED,worth_pursuing,NONE,worth_pursuing,skip,DISAGREE,false,"",true,15,6,8,REVIEW,YES,"No buyer intent but scored above 60"
b5a2dbcc-c187-48d9-bda5-fcba143bb93c,Madiha,linkedin,2026-09-23T21:06:07.510368+00:00,,relay_qualification_v2,relay_qualification_v2,90,0-25,SEVERE_OVER_SCORE,PASS,POLLUTED,strong,STRONG,strong,skip,DISAGREE,true,"digital solutions, product development",true,13,4,8,REVIEW,YES,"Competitor/dev company scored too high"
cafd1529-69f7-4bc9-b036-56364084cc9a,Madiha,linkedin,2026-09-23T21:20:09.513517+00:00,,relay_qualification_v2,relay_qualification_v2,87,72-102,REASONABLE,PASS,POLLUTED,strong,STRONG,strong,message,DISAGREE,false,"application development",true,13,4,8,REVIEW,NO,""
f30ff96f-a999-4e4f-8b50-4b6c0ee9b247,Madiha,linkedin,2026-09-23T22:09:44.573068+00:00,,relay_qualification_v2,relay_qualification_v2,91,76-106,REASONABLE,PASS,POLLUTED,strong,STRONG,strong,message,DISAGREE,false,"engineering team",true,16,6,9,REVIEW,NO,""
33d57745-1045-433e-96b0-abe5262f22e8,Madiha,linkedin,2026-09-23T22:18:36.894495+00:00,,relay_qualification_v2,relay_qualification_v2,86,0-25,SEVERE_OVER_SCORE,PASS,POLLUTED,strong,STRONG,strong,skip,DISAGREE,true,"software development, engineering team",true,22,11,10,REVIEW,YES,"Competitor/dev company scored too high"
7b488835-eca6-4846-af8b-72b22a8cd67c,Madiha,linkedin,2026-09-23T22:21:39.657772+00:00,,relay_qualification_v2,relay_qualification_v2,75,15-35,MODERATE_OVER_SCORE,PASS,POLLUTED,worth_pursuing,NONE,worth_pursuing,skip,DISAGREE,false,"product development",true,13,5,7,REVIEW,YES,"No buyer intent but scored above 60"
7a2360f8-5a2b-4729-afbc-f96a924736a7,Madiha,linkedin,2026-09-23T22:24:09.823177+00:00,,relay_qualification_v2,relay_qualification_v2,75,15-35,MODERATE_OVER_SCORE,PASS,POLLUTED,worth_pursuing,NONE,worth_pursuing,skip,DISAGREE,false,"",true,12,4,7,REVIEW,YES,"No buyer intent but scored above 60"
a4abdb74-78fa-4c29-8f4a-7a2c3f19d371,Aneeb,linkedin,2026-09-24T08:45:53.503309+00:00,,relay_qualification_v2,relay_qualification_v2,25,60-85,UNDER_SCORE,PASS,POLLUTED,skip,STRONG,skip,skip,AGREE,true,"full stack, engineering team",true,15,7,7,OK,YES,"Strong buyer intent but scored below 50"
61c0f40e-6cf2-4db4-a3c0-5d5d122e5223,Madiha,linkedin,2026-09-24T08:50:50.446213+00:00,,relay_qualification_v2,relay_qualification_v2,63,48-78,REASONABLE,PASS,POLLUTED,maybe,STRONG,maybe,message,DISAGREE,false,"",true,22,16,5,REVIEW,NO,""
8b6ff95a-50d6-4ead-8044-e6f8c3ac505a,Aneeb,linkedin,2026-09-24T10:22:51.850066+00:00,,relay_qualification_v2,relay_qualification_v2,82,0-25,SEVERE_OVER_SCORE,PASS,POLLUTED,worth_pursuing,STRONG,worth_pursuing,skip,DISAGREE,true,"full stack, it services, engineering team",true,17,8,8,REVIEW,YES,"Competitor/dev company scored too high"
b8c768c3-e3be-4bfa-813c-b2c0355c4ec4,Ahmad,linkedin,2026-09-24T10:46:15.973681+00:00,,relay_qualification_v2,relay_qualification_v2,85,0-25,SEVERE_OVER_SCORE,PASS,POLLUTED,strong,NONE,strong,skip,DISAGREE,true,"software development, application development",true,14,4,9,REVIEW,YES,"Competitor/dev company scored too high"
984740e7-2f5d-484d-af31-41f79e2fa1f2,Madiha,linkedin,2026-09-24T10:59:42.247865+00:00,,relay_qualification_v2,relay_qualification_v2,75,15-35,MODERATE_OVER_SCORE,PASS,POLLUTED,worth_pursuing,NONE,worth_pursuing,skip,DISAGREE,false,"",true,13,5,7,REVIEW,YES,"No buyer intent but scored above 60"
7201af28-65a7-49e6-b56d-404c87d1ea68,Madiha,linkedin,2026-09-24T11:03:18.974375+00:00,,relay_qualification_v2,relay_qualification_v2,83,68-98,REASONABLE,PASS,POLLUTED,worth_pursuing,STRONG,worth_pursuing,message,DISAGREE,false,"",true,27,18,8,REVIEW,NO,""
a15bc707-d923-4571-b278-5146dd18c6ad,Ahmad,linkedin,2026-09-24T11:07:16.144432+00:00,,relay_qualification_v2,relay_qualification_v2,81,15-35,MODERATE_OVER_SCORE,PASS,POLLUTED,worth_pursuing,NONE,worth_pursuing,skip,DISAGREE,false,"software development",true,19,10,8,REVIEW,YES,"No buyer intent but scored above 60"
5581a4e8-52fc-426e-9783-f3336f85c5e9,Madiha,linkedin,2026-09-24T11:12:30.916333+00:00,,relay_qualification_v2,relay_qualification_v2,88,15-35,MODERATE_OVER_SCORE,PASS,POLLUTED,strong,NONE,strong,skip,DISAGREE,false,"full stack",true,15,5,9,REVIEW,YES,"No buyer intent but scored above 60"
1e27f8b7-4e24-470f-9772-094be95329e6,Ahmad,linkedin,2026-09-24T11:12:40.242653+00:00,,relay_qualification_v2,relay_qualification_v2,85,70-100,REASONABLE,PASS,POLLUTED,strong,STRONG,strong,message,DISAGREE,false,"",true,13,3,9,REVIEW,NO,""
af7b6ff2-59a1-4f4d-82ec-7638345992e8,Abdullah,linkedin,2026-09-24T11:18:55.290464+00:00,,,,12,60-85,UNDER_SCORE,PASS,NONE,send,STRONG,send,message,DISAGREE,false,"",false,0,0,0,REVIEW,NO,"Strong buyer intent but scored below 50"
63c5d01e-4fd3-46e8-b604-9fd71590605f,Ahmad,linkedin,2026-09-24T11:42:48.681127+00:00,,relay_qualification_v2,relay_qualification_v2,66,0-25,SEVERE_OVER_SCORE,PASS,POLLUTED,maybe,STRONG,maybe,skip,DISAGREE,true,"software development, engineering team",true,20,13,7,REVIEW,YES,"Competitor/dev company scored too high"
fbc1cad8-07f6-4262-acbe-ca60fc3eb119,Ahmad,linkedin,2026-09-24T11:45:24.457742+00:00,,relay_qualification_v2,relay_qualification_v2,89,15-35,MODERATE_OVER_SCORE,PASS,POLLUTED,strong,NONE,strong,skip,DISAGREE,false,"",true,17,7,9,REVIEW,YES,"No buyer intent but scored above 60"
41674ec6-4a04-4335-bf0e-b12fe2d765bd,Ahmad,linkedin,2026-09-24T11:50:51.442308+00:00,,relay_qualification_v2,relay_qualification_v2,67,52-82,REASONABLE,PASS,POLLUTED,maybe,STRONG,maybe,message,DISAGREE,false,"",true,14,6,8,REVIEW,NO,""
1f4a505e-c53e-4d0b-8548-79eaed8625aa,Ahmad,linkedin,2026-09-24T11:53:15.883759+00:00,,relay_qualification_v2,relay_qualification_v2,81,66-96,REASONABLE,PASS,POLLUTED,worth_pursuing,STRONG,worth_pursuing,message,DISAGREE,false,"",true,20,11,8,REVIEW,NO,""
7ef0fecc-864e-4bb6-b8b1-53aebc152049,Hassan,linkedin,2026-09-24T12:04:25.256704+00:00,,relay_qualification_v2,relay_qualification_v2,84,0-25,SEVERE_OVER_SCORE,PASS,POLLUTED,worth_pursuing,STRONG,worth_pursuing,skip,DISAGREE,true,"software development, it services, engineering team",true,10,1,8,REVIEW,YES,"Competitor/dev company scored too high"
5e2962c5-def6-4d48-b785-db33c3c916fb,Abdullah,linkedin,2026-09-24T12:18:43.919322+00:00,,relay_qualification_v2,relay_qualification_v2,77,62-92,REASONABLE,PASS,POLLUTED,worth_pursuing,STRONG,worth_pursuing,message,DISAGREE,false,"",true,9,1,7,REVIEW,NO,""
27554969-360e-4e61-b6b7-910ce5240af1,Abdullah,linkedin,2026-09-24T12:24:12.699206+00:00,,relay_qualification_v2,relay_qualification_v2,58,43-73,REASONABLE,PASS,POLLUTED,maybe,NONE,maybe,skip,DISAGREE,false,"web design",true,10,4,5,REVIEW,NO,""
63b0664a-f54b-4184-a55a-8babb4113223,Ahmad,linkedin,2026-09-24T13:20:09.1813+00:00,,relay_qualification_v2,relay_qualification_v2,68,53-83,REASONABLE,PASS,POLLUTED,maybe,STRONG,maybe,message,DISAGREE,false,"",true,28,20,7,REVIEW,NO,""
6041c030-a882-4b1d-8492-dc4b2b0f0573,Ahmad,linkedin,2026-09-24T13:22:49.720816+00:00,,relay_qualification_v2,relay_qualification_v2,68,53-83,REASONABLE,PASS,POLLUTED,maybe,STRONG,maybe,message,DISAGREE,false,"digital solutions",true,12,6,6,REVIEW,NO,""
37b4026f-ec76-4588-9edd-3054e8144b00,Ahmad,linkedin,2026-09-24T13:26:26.271115+00:00,,relay_qualification_v2,relay_qualification_v2,85,0-25,SEVERE_OVER_SCORE,PASS,POLLUTED,strong,MODERATE,strong,skip,DISAGREE,true,"software development, web development, full stack, application development",true,11,2,8,REVIEW,YES,"Competitor/dev company scored too high"
63f5580e-8fd1-4b1d-8706-76c82d9e45e1,Abdullah,linkedin,2026-09-24T13:33:26.592028+00:00,,relay_qualification_v2,relay_qualification_v2,76,61-91,REASONABLE,PASS,POLLUTED,worth_pursuing,STRONG,worth_pursuing,message,DISAGREE,false,"",true,13,6,7,REVIEW,NO,""
23a15288-114e-40e4-835b-36165677fbc1,Ahmad,linkedin,2026-09-24T13:35:42.055018+00:00,,relay_qualification_v2,relay_qualification_v2,68,15-35,MODERATE_OVER_SCORE,PASS,POLLUTED,maybe,NONE,maybe,skip,DISAGREE,false,"",true,19,12,7,REVIEW,YES,"No buyer intent but scored above 60"
3d68fd2f-8b1e-4bd1-8e45-605bab4c6d23,Abdullah,linkedin,2026-09-24T13:38:38.263941+00:00,,relay_qualification_v2,relay_qualification_v2,77,0-25,SEVERE_OVER_SCORE,PASS,POLLUTED,worth_pursuing,NONE,worth_pursuing,skip,DISAGREE,true,"software company, engineering team, product development",true,25,17,7,REVIEW,YES,"Competitor/dev company scored too high"
53bc65fb-4225-4ec9-8938-e311f13418a1,Abdullah,linkedin,2026-09-24T13:47:50.268277+00:00,,relay_qualification_v2,relay_qualification_v2,74,59-89,REASONABLE,PASS,POLLUTED,worth_pursuing,MODERATE,worth_pursuing,connect,DISAGREE,false,"",true,6,0,6,REVIEW,NO,""
cef4e2cd-fb4c-4b31-a6e9-03d2eb972fe4,Ahmad,linkedin,2026-09-24T13:54:41.387913+00:00,,relay_qualification_v2,relay_qualification_v2,72,15-35,MODERATE_OVER_SCORE,PASS,POLLUTED,worth_pursuing,NONE,worth_pursuing,skip,DISAGREE,false,"",true,10,1,8,REVIEW,YES,"No buyer intent but scored above 60"
a1bad50b-3647-4e14-8ea9-968dda03f910,Abdullah,linkedin,2026-09-24T13:57:55.140245+00:00,,relay_qualification_v2,relay_qualification_v2,86,71-101,REASONABLE,PASS,POLLUTED,strong,STRONG,strong,message,DISAGREE,false,"",true,24,14,9,REVIEW,NO,""
9c0e3d34-4a89-449d-a974-099028441a1d,Ahmad,linkedin,2026-09-24T13:58:26.555753+00:00,,relay_qualification_v2,relay_qualification_v2,68,0-25,SEVERE_OVER_SCORE,PASS,POLLUTED,maybe,STRONG,maybe,skip,DISAGREE,true,"software development, web development, fullstack, application development",true,12,5,6,REVIEW,YES,"Competitor/dev company scored too high"
e9a37966-3118-47a8-896e-30f1b7bdbaf0,Abdullah,linkedin,2026-09-24T14:13:23.676379+00:00,,relay_qualification_v2,relay_qualification_v2,81,66-96,REASONABLE,PASS,POLLUTED,worth_pursuing,STRONG,worth_pursuing,message,DISAGREE,false,"engineering team",true,16,7,8,REVIEW,NO,""
bbc69594-adce-43aa-a849-8ef86915d57b,Ahmad,linkedin,2026-09-24T14:33:01.609921+00:00,,relay_qualification_v2,relay_qualification_v2,85,0-25,SEVERE_OVER_SCORE,PASS,POLLUTED,strong,STRONG,strong,skip,DISAGREE,true,"software development, custom software, application development",true,11,2,8,REVIEW,YES,"Competitor/dev company scored too high"
00e4cf33-9f36-45f4-a9d0-462400b17572,Abdullah,linkedin,2026-09-24T14:47:34.78773+00:00,,relay_qualification_v2,relay_qualification_v2,87,72-102,REASONABLE,PASS,POLLUTED,strong,STRONG,strong,message,DISAGREE,false,"",true,20,10,9,REVIEW,NO,""
523c3caf-16b0-4401-b419-645bf2bc64d6,Ahmad,linkedin,2026-09-24T14:50:57.007466+00:00,,relay_qualification_v2,relay_qualification_v2,85,70-100,REASONABLE,PASS,POLLUTED,strong,STRONG,strong,message,DISAGREE,false,"digital solutions",true,21,11,9,REVIEW,NO,""
f8f055fe-a2bb-466d-b756-76c75f0b796f,Hassan,linkedin,2026-09-24T14:57:33.158439+00:00,,relay_qualification_v2,relay_qualification_v2,80,65-95,REASONABLE,INSUFFICIENT_SOURCE,POLLUTED,worth_pursuing,STRONG,worth_pursuing,message,DISAGREE,false,"",true,9,1,7,REVIEW,NO,""
f7fead50-ec82-44a3-b1fc-aa44164c90ac,Hassan,linkedin,2026-09-24T15:03:41.903333+00:00,,relay_qualification_v2,relay_qualification_v2,69,0-25,SEVERE_OVER_SCORE,PASS,POLLUTED,maybe,STRONG,maybe,skip,DISAGREE,true,"software development, engineering team, product development",true,14,5,8,REVIEW,YES,"Competitor/dev company scored too high"
24000ce5-3681-4321-9de1-a9be7f35aa87,Abdullah,linkedin,2026-09-24T15:09:09.837678+00:00,,relay_qualification_v2,relay_qualification_v2,89,74-104,REASONABLE,PASS,POLLUTED,strong,STRONG,strong,message,DISAGREE,false,"",true,13,3,9,REVIEW,NO,""
58907b3e-6109-4667-869e-5681d7749699,Ahmad,linkedin,2026-09-24T15:09:28.244796+00:00,,relay_qualification_v2,relay_qualification_v2,81,66-96,REASONABLE,PASS,POLLUTED,worth_pursuing,STRONG,worth_pursuing,message,DISAGREE,false,"",true,12,3,8,REVIEW,NO,""
ee6088ad-1bc2-42c5-b078-51849d085625,Hassan,linkedin,2026-09-24T15:11:18.236627+00:00,,relay_qualification_v2,relay_qualification_v2,84,0-25,SEVERE_OVER_SCORE,PASS,POLLUTED,worth_pursuing,STRONG,worth_pursuing,skip,DISAGREE,true,"fullstack, engineering team",true,10,1,8,REVIEW,YES,"Competitor/dev company scored too high"
4489b497-30f2-453f-b8df-a8688eaedde6,Hassan,linkedin,2026-09-24T15:17:45.55655+00:00,,relay_qualification_v2,relay_qualification_v2,64,0-25,SEVERE_OVER_SCORE,PASS,POLLUTED,maybe,STRONG,maybe,skip,DISAGREE,true,"software solutions, engineering team",true,38,32,6,REVIEW,YES,"Competitor/dev company scored too high"
3e539856-9af6-40cb-b4a8-64f7103bec47,Hassan,linkedin,2026-09-24T15:32:51.506101+00:00,,relay_qualification_v2,relay_qualification_v2,65,50-80,REASONABLE,INSUFFICIENT_SOURCE,POLLUTED,maybe,STRONG,maybe,message,DISAGREE,false,"",true,6,1,5,REVIEW,NO,""
a50a446c-cb8a-48f1-b936-5041a870ad58,Hassan,linkedin,2026-09-24T15:34:35.526788+00:00,,relay_qualification_v2,relay_qualification_v2,63,48-78,REASONABLE,INSUFFICIENT_SOURCE,POLLUTED,maybe,STRONG,maybe,message,DISAGREE,false,"full stack",true,6,1,5,REVIEW,NO,""
b95abccd-ec49-4a78-b493-47c5b34087b3,Hassan,linkedin,2026-09-24T15:35:44.6516+00:00,,relay_qualification_v2,relay_qualification_v2,64,49-79,REASONABLE,INSUFFICIENT_SOURCE,POLLUTED,maybe,STRONG,maybe,message,DISAGREE,false,"",true,7,2,5,REVIEW,NO,""
33529d77-2d70-4ce5-99e4-d1741bc87942,Ahmad,linkedin,2026-09-24T15:37:53.682312+00:00,,relay_qualification_v2,relay_qualification_v2,78,63-93,REASONABLE,PASS,POLLUTED,worth_pursuing,STRONG,worth_pursuing,message,DISAGREE,false,"",true,60,52,8,REVIEW,NO,""
bed67a25-9b3f-49b4-a0c3-36336679fd2e,Hassan,linkedin,2026-09-24T15:47:10.522995+00:00,,relay_qualification_v2,relay_qualification_v2,65,50-80,REASONABLE,INSUFFICIENT_SOURCE,POLLUTED,maybe,STRONG,maybe,message,DISAGREE,false,"",true,6,1,5,REVIEW,NO,""
bfc7b49d-ce9d-46f0-9343-26e9a1175e8e,Hassan,linkedin,2026-09-24T15:52:58.876329+00:00,,relay_qualification_v2,relay_qualification_v2,68,53-83,REASONABLE,PASS,POLLUTED,maybe,STRONG,maybe,message,DISAGREE,false,"",true,8,1,6,REVIEW,NO,""
9516218a-2a3c-4622-b169-c920a49a6e8c,Hassan,linkedin,2026-09-24T15:54:09.321926+00:00,,relay_qualification_v2,relay_qualification_v2,84,69-99,REASONABLE,PASS,POLLUTED,worth_pursuing,STRONG,worth_pursuing,message,DISAGREE,false,"",true,10,1,8,REVIEW,NO,""
9d66a703-a51b-401d-95cf-ab22b447a045,Hassan,linkedin,2026-09-24T15:58:04.332944+00:00,,relay_qualification_v2,relay_qualification_v2,28,60-85,UNDER_SCORE,INSUFFICIENT_SOURCE,POLLUTED,skip,STRONG,skip,message,DISAGREE,false,"",true,1,0,1,REVIEW,NO,"Strong buyer intent but scored below 50"
ecae5183-902c-447f-96c0-83f7767464ef,Hassan,linkedin,2026-09-24T16:02:25.503948+00:00,,relay_qualification_v2,relay_qualification_v2,84,69-99,REASONABLE,INSUFFICIENT_SOURCE,POLLUTED,worth_pursuing,STRONG,worth_pursuing,message,DISAGREE,false,"",true,10,1,8,REVIEW,NO,""
f3e7c5a1-a68e-4883-be09-fdf3fea620f3,Madiha,linkedin,2026-09-24T16:04:54.490152+00:00,,relay_qualification_v2,relay_qualification_v2,74,0-25,SEVERE_OVER_SCORE,PASS,POLLUTED,worth_pursuing,STRONG,worth_pursuing,skip,DISAGREE,true,"building software, engineering team",true,19,11,7,REVIEW,YES,"Competitor/dev company scored too high"
50841984-39e9-436a-819c-62955d4817a8,Madiha,linkedin,2026-09-24T16:08:41.28102+00:00,,relay_qualification_v2,relay_qualification_v2,68,53-83,REASONABLE,PASS,POLLUTED,maybe,STRONG,maybe,message,DISAGREE,false,"",true,9,4,5,REVIEW,NO,""
2dd6f898-6ca7-43e2-97b6-fe63b656976e,Madiha,linkedin,2026-09-24T16:09:59.257166+00:00,,relay_qualification_v2,relay_qualification_v2,85,15-35,MODERATE_OVER_SCORE,PASS,POLLUTED,strong,NONE,strong,skip,DISAGREE,false,"",true,10,1,8,REVIEW,YES,"No buyer intent but scored above 60"
c70ee35f-d1be-4815-bf2f-77d603dee121,Madiha,linkedin,2026-09-24T16:12:30.488751+00:00,,relay_qualification_v2,relay_qualification_v2,67,0-25,SEVERE_OVER_SCORE,PASS,POLLUTED,maybe,STRONG,maybe,skip,DISAGREE,true,"software development, custom software",true,8,1,6,REVIEW,YES,"Competitor/dev company scored too high"
41e417bc-d366-4aed-8583-d75b73d8fe96,Madiha,linkedin,2026-09-24T16:19:53.579469+00:00,,relay_qualification_v2,relay_qualification_v2,65,15-35,MODERATE_OVER_SCORE,PASS,POLLUTED,maybe,NONE,maybe,skip,DISAGREE,false,"full stack",true,19,12,6,REVIEW,YES,"No buyer intent but scored above 60"
cf09b15b-b003-4bef-be72-7e4731ae85f5,Ahmad,linkedin,2026-09-24T17:10:21.093576+00:00,,relay_qualification_v2,relay_qualification_v2,85,70-100,REASONABLE,PASS,POLLUTED,strong,STRONG,strong,message,DISAGREE,false,"software development",true,14,4,9,REVIEW,NO,""
8a1aeced-84a5-4af2-9716-86c8dff4d675,Dawood,linkedin,2026-09-25T11:03:33.930494+00:00,,relay_qualification_v2,relay_qualification_v2,69,15-35,MODERATE_OVER_SCORE,PASS,POLLUTED,maybe,NONE,maybe,skip,DISAGREE,false,"",true,6,0,5,REVIEW,YES,"No buyer intent but scored above 60"
8989149c-0fea-4485-8744-efcdde41d277,Dawood,linkedin,2026-09-25T11:13:29.975012+00:00,,relay_qualification_v2,relay_qualification_v2,85,0-25,SEVERE_OVER_SCORE,PASS,POLLUTED,strong,STRONG,strong,skip,DISAGREE,true,"software testing, application development, engineering team, product development",true,25,15,9,REVIEW,YES,"Competitor/dev company scored too high"
94dfc202-42c0-43d0-a034-27d0a1d50440,Dawood,linkedin,2026-09-25T11:28:38.994174+00:00,,relay_qualification_v2,relay_qualification_v2,78,63-93,REASONABLE,PASS,POLLUTED,worth_pursuing,STRONG,worth_pursuing,message,DISAGREE,false,"engineering team",true,11,3,8,REVIEW,NO,""
adf01a2e-6eef-44ec-883a-cfc53c611e8a,Dawood,linkedin,2026-09-25T12:09:15.201289+00:00,,relay_qualification_v2,relay_qualification_v2,69,0-25,SEVERE_OVER_SCORE,PASS,POLLUTED,maybe,NONE,maybe,skip,DISAGREE,true,"software development, offshore development",true,7,0,6,REVIEW,YES,"Competitor/dev company scored too high"
e575a2b9-f7f0-454c-ba49-55e62fe1ece6,Dawood,linkedin,2026-09-25T12:22:23.721131+00:00,,relay_qualification_v2,relay_qualification_v2,66,15-35,MODERATE_OVER_SCORE,PASS,POLLUTED,maybe,NONE,maybe,skip,DISAGREE,false,"software development",true,6,0,5,REVIEW,YES,"No buyer intent but scored above 60"
29fe2362-0696-49c8-bc92-e2848a02d0e9,Hassan,linkedin,2026-09-25T12:48:21.170444+00:00,,relay_qualification_v2,relay_qualification_v2,66,0-25,SEVERE_OVER_SCORE,PASS,POLLUTED,maybe,STRONG,maybe,skip,DISAGREE,true,"software development, engineering team",true,27,21,6,REVIEW,YES,"Competitor/dev company scored too high"
66d629da-e89d-4706-bea3-220db0566c03,Dawood,linkedin,2026-09-25T12:50:21.904696+00:00,,relay_qualification_v2,relay_qualification_v2,65,50-80,REASONABLE,PASS,POLLUTED,maybe,STRONG,maybe,message,DISAGREE,false,"",true,6,1,5,REVIEW,NO,""
edbf8213-2e35-4bd6-91d8-3ded2fc2746b,Hassan,linkedin,2026-09-25T12:59:50.281833+00:00,,relay_qualification_v2,relay_qualification_v2,87,72-102,REASONABLE,PASS,POLLUTED,strong,STRONG,strong,message,DISAGREE,false,"engineering team",true,14,4,9,REVIEW,NO,""
69fc6185-f6ba-4aa8-8828-676de4681d79,Hassan,linkedin,2026-09-25T13:52:27.853527+00:00,,relay_qualification_v2,relay_qualification_v2,86,71-101,REASONABLE,PASS,POLLUTED,strong,STRONG,strong,message,DISAGREE,false,"",true,18,8,9,REVIEW,NO,""
b10eb1d0-9c0d-414f-a190-712349e1894d,Hassan,linkedin,2026-09-25T14:21:23.125634+00:00,,relay_qualification_v2,relay_qualification_v2,81,0-25,SEVERE_OVER_SCORE,PASS,POLLUTED,worth_pursuing,STRONG,worth_pursuing,skip,DISAGREE,true,"fullstack, product development",true,17,8,8,REVIEW,YES,"Competitor/dev company scored too high"
c6e16a37-7640-4e17-ba67-c40a8de600f1,Dawood,linkedin,2026-09-25T14:25:39.666171+00:00,,relay_qualification_v2,relay_qualification_v2,70,0-25,SEVERE_OVER_SCORE,PASS,POLLUTED,worth_pursuing,STRONG,worth_pursuing,skip,DISAGREE,true,"software development, fullstack, software solutions",true,11,4,6,REVIEW,YES,"Competitor/dev company scored too high"
9b10b151-9674-4c0e-8a37-4e90a8c690a6,Dawood,linkedin,2026-09-25T14:36:03.957509+00:00,,relay_qualification_v2,relay_qualification_v2,74,0-25,SEVERE_OVER_SCORE,PASS,POLLUTED,worth_pursuing,MODERATE,worth_pursuing,skip,DISAGREE,true,"web development, application development",true,29,21,7,REVIEW,YES,"Competitor/dev company scored too high"
2f442cc1-a5c6-4886-994d-eea1c730406f,Abdullah,linkedin,2026-09-25T15:57:44.384159+00:00,,relay_qualification_v2,relay_qualification_v2,90,75-105,REASONABLE,PASS,POLLUTED,strong,STRONG,strong,message,DISAGREE,false,"",true,25,15,9,REVIEW,NO,""
c4eb646a-baa4-4ae0-9ae8-08869c6bcdd8,Ahmad,linkedin,2026-09-28T10:01:49.946961+00:00,,relay_qualification_v2,relay_qualification_v2,87,0-25,SEVERE_OVER_SCORE,PASS,POLLUTED,strong,STRONG,strong,skip,DISAGREE,true,"software development, saas development, engineering team, product development",true,10,1,8,REVIEW,YES,"Competitor/dev company scored too high"
c50bbc61-fcf0-4c8a-b37f-9aadcde19a00,Dawood,linkedin,2026-09-28T10:21:32.817932+00:00,,relay_qualification_v2,relay_qualification_v2,85,70-100,REASONABLE,PASS,POLLUTED,strong,STRONG,strong,message,DISAGREE,false,"",true,15,6,8,REVIEW,NO,""
a89a785e-0ae4-49ac-992d-3b767b52ecdc,Hassan,linkedin,2026-09-28T10:30:00.268692+00:00,,,,10,60-85,UNDER_SCORE,INSUFFICIENT_SOURCE,NONE,send,STRONG,send,message,DISAGREE,false,"",false,0,0,0,REVIEW,NO,"Strong buyer intent but scored below 50"
969c745f-74e3-4522-8091-8ea97da07ad6,Dawood,linkedin,2026-09-28T10:30:39.514406+00:00,,relay_qualification_v2,relay_qualification_v2,70,0-25,SEVERE_OVER_SCORE,PASS,POLLUTED,worth_pursuing,STRONG,worth_pursuing,skip,DISAGREE,true,"software development, engineering team",true,15,7,7,REVIEW,YES,"Competitor/dev company scored too high"
30b7e756-35e2-43b3-8991-b65f5015bc22,Ahmad,linkedin,2026-09-28T10:32:50.870099+00:00,,relay_qualification_v2,relay_qualification_v2,69,15-35,MODERATE_OVER_SCORE,PASS,POLLUTED,maybe,NONE,maybe,skip,DISAGREE,false,"product development",true,8,1,6,REVIEW,YES,"No buyer intent but scored above 60"
a5dd86f0-add9-4fbe-b588-ee22dbf781f5,Hassan,linkedin,2026-09-28T10:36:49.156777+00:00,,,,12,60-85,UNDER_SCORE,PASS,NONE,send,STRONG,send,message,DISAGREE,false,"engineering team",false,0,0,0,REVIEW,NO,"Strong buyer intent but scored below 50"
415a0a2d-e64e-445e-a84b-391dab58d103,Ahmad,linkedin,2026-09-28T10:40:04.528617+00:00,,relay_qualification_v2,relay_qualification_v2,65,0-25,SEVERE_OVER_SCORE,PASS,POLLUTED,maybe,STRONG,maybe,skip,DISAGREE,true,"full stack, building software",true,6,1,5,REVIEW,YES,"Competitor/dev company scored too high"
2fb1578a-bf07-447e-afd4-629b7f507325,Dawood,linkedin,2026-09-28T10:46:58.161626+00:00,,relay_qualification_v2,relay_qualification_v2,66,51-81,REASONABLE,PASS,POLLUTED,maybe,STRONG,maybe,message,DISAGREE,false,"engineering team",true,21,15,6,REVIEW,NO,""
66fc8ac2-64b0-4d17-aa3c-4e245e89cf44,Dawood,linkedin,2026-09-28T10:50:20.362718+00:00,,relay_qualification_v2,relay_qualification_v2,70,55-85,REASONABLE,PASS,POLLUTED,worth_pursuing,STRONG,worth_pursuing,message,DISAGREE,false,"engineering team",true,21,13,7,REVIEW,NO,""
611d313a-6278-4163-b9fe-bd019550f908,Ahmad,linkedin,2026-09-28T10:58:06.41563+00:00,,relay_qualification_v2,relay_qualification_v2,66,51-81,REASONABLE,PASS,POLLUTED,maybe,STRONG,maybe,message,DISAGREE,false,"engineering team",true,8,2,6,REVIEW,NO,""
d7ace8f3-1172-41e4-a3a1-b642c914d275,Dawood,linkedin,2026-09-28T10:59:53.241865+00:00,,relay_qualification_v2,relay_qualification_v2,78,63-93,REASONABLE,PASS,POLLUTED,worth_pursuing,STRONG,worth_pursuing,message,DISAGREE,false,"it services",true,17,9,8,REVIEW,NO,""
4812795f-0680-4bb8-a12d-86308eb24652,Dawood,linkedin,2026-09-28T11:01:36.551136+00:00,,relay_qualification_v2,relay_qualification_v2,76,61-91,REASONABLE,PASS,POLLUTED,worth_pursuing,STRONG,worth_pursuing,message,DISAGREE,false,"engineering team",true,14,5,8,REVIEW,NO,""
5fb3dc45-4484-45b2-91f8-b234e25579ba,Dawood,linkedin,2026-09-28T11:03:34.26605+00:00,,relay_qualification_v2,relay_qualification_v2,70,0-25,SEVERE_OVER_SCORE,PASS,POLLUTED,worth_pursuing,STRONG,worth_pursuing,skip,DISAGREE,true,"software development, full stack, software solutions",true,17,9,7,REVIEW,YES,"Competitor/dev company scored too high"
b5a00db7-6ebf-44ad-bbf3-7d18129c4338,Dawood,linkedin,2026-09-28T11:07:01.219758+00:00,,relay_qualification_v2,relay_qualification_v2,66,51-81,REASONABLE,PASS,POLLUTED,maybe,STRONG,maybe,message,DISAGREE,false,"",true,9,3,6,REVIEW,NO,""
5d9d70c6-fb4c-4dde-a294-838297753e7a,Ahmad,linkedin,2026-09-28T11:10:42.039729+00:00,,relay_qualification_v2,relay_qualification_v2,69,0-25,SEVERE_OVER_SCORE,PASS,POLLUTED,maybe,STRONG,maybe,skip,DISAGREE,true,"software development, full stack",true,19,11,7,REVIEW,YES,"Competitor/dev company scored too high"
18598daf-c4e5-4fa5-a179-e6b93d2ea205,Ahmad,linkedin,2026-09-28T11:14:04.422891+00:00,,relay_qualification_v2,relay_qualification_v2,73,58-88,REASONABLE,PASS,POLLUTED,worth_pursuing,STRONG,worth_pursuing,message,DISAGREE,false,"it services",true,12,4,7,REVIEW,NO,""
64ae291d-0eb0-4788-9b0c-90301a1abc71,Dawood,linkedin,2026-09-28T11:33:19.299756+00:00,,relay_qualification_v2,relay_qualification_v2,85,0-25,SEVERE_OVER_SCORE,PASS,POLLUTED,strong,STRONG,strong,skip,DISAGREE,true,"software development, full stack, application development, engineering team",true,21,11,9,REVIEW,YES,"Competitor/dev company scored too high"
075bb777-1172-460f-a546-5b559a49638e,Ahmad,linkedin,2026-09-28T11:44:03.000753+00:00,,relay_qualification_v2,relay_qualification_v2,87,72-102,REASONABLE,PASS,POLLUTED,strong,STRONG,strong,message,DISAGREE,false,"full stack",true,15,5,9,REVIEW,NO,""
a307aecf-e323-40c6-a58c-8e4306092f56,Hassan,linkedin,2026-09-28T11:45:34.933839+00:00,,relay_qualification_v2,relay_qualification_v2,58,0-25,SEVERE_OVER_SCORE,PASS,POLLUTED,maybe,STRONG,maybe,skip,DISAGREE,true,"web development, full stack, fullstack, engineering team",true,17,10,6,REVIEW,YES,"Competitor/dev company scored too high"
8e30e8b5-6485-49f6-b942-2fa5a32c1805,Hassan,linkedin,2026-09-28T11:48:03.586489+00:00,,relay_qualification_v2,relay_qualification_v2,89,74-104,REASONABLE,PASS,POLLUTED,strong,STRONG,strong,message,DISAGREE,false,"software development",true,22,12,9,REVIEW,NO,""
73c41915-fca3-43b0-b434-6acfd79a7d74,Dawood,linkedin,2026-09-28T12:16:49.941558+00:00,,relay_qualification_v2,relay_qualification_v2,69,54-84,REASONABLE,PASS,POLLUTED,maybe,STRONG,maybe,message,DISAGREE,false,"",true,18,10,7,REVIEW,NO,""
a96af15f-5076-45d2-bf0b-eaa64117d0db,Dawood,linkedin,2026-09-28T12:29:39.58262+00:00,,relay_qualification_v2,relay_qualification_v2,65,15-35,MODERATE_OVER_SCORE,PASS,POLLUTED,maybe,NONE,maybe,skip,DISAGREE,false,"",true,6,0,5,REVIEW,YES,"No buyer intent but scored above 60"
24d45ef5-46c9-434e-bb00-fc4581694b13,Hassan,linkedin,2026-09-28T13:04:22.835855+00:00,,relay_qualification_v2,relay_qualification_v2,66,51-81,REASONABLE,PASS,POLLUTED,maybe,STRONG,maybe,message,DISAGREE,false,"web design",true,11,4,6,REVIEW,NO,""
db3e00d5-dcd7-4cd3-bbac-3ab97b5f2163,Hassan,linkedin,2026-09-28T13:05:39.03666+00:00,,relay_qualification_v2,relay_qualification_v2,60,0-25,SEVERE_OVER_SCORE,PASS,POLLUTED,maybe,STRONG,maybe,skip,DISAGREE,true,"custom software, software solutions",true,6,1,4,REVIEW,YES,"Competitor/dev company scored too high"
767e3c85-c5db-4f8e-846f-6185a747f983,Hassan,linkedin,2026-09-28T13:09:23.08043+00:00,,relay_qualification_v2,relay_qualification_v2,56,41-71,REASONABLE,PASS,POLLUTED,maybe,STRONG,maybe,message,DISAGREE,false,"",true,29,23,5,REVIEW,NO,""
d843745e-ed95-437d-aab8-58c034d31747,Ahmad,linkedin,2026-09-28T13:16:36.652337+00:00,,relay_qualification_v2,relay_qualification_v2,68,0-25,SEVERE_OVER_SCORE,PASS,POLLUTED,maybe,STRONG,maybe,skip,DISAGREE,true,"web development, mobile development, application development, engineering team",true,23,15,7,REVIEW,YES,"Competitor/dev company scored too high"
9473d7fa-0d03-4bb6-a719-dd6751bb6204,Ahmad,linkedin,2026-09-28T13:57:07.321308+00:00,,relay_qualification_v2,relay_qualification_v2,88,73-103,REASONABLE,PASS,POLLUTED,strong,STRONG,strong,message,DISAGREE,false,"fullstack",true,11,2,8,REVIEW,NO,""
3fb73673-4cb1-46a2-a30f-757f4fcaea14,Dawood,linkedin,2026-09-28T14:07:49.534619+00:00,,relay_qualification_v2,relay_qualification_v2,66,51-81,REASONABLE,PASS,POLLUTED,maybe,STRONG,maybe,message,DISAGREE,false,"",true,17,11,6,REVIEW,NO,""
c5296425-fdad-4d77-9426-548b46bd6494,Ahmad,linkedin,2026-09-28T15:58:35.981382+00:00,,relay_qualification_v2,relay_qualification_v2,51,36-66,REASONABLE,INSUFFICIENT_SOURCE,POLLUTED,skip,STRONG,skip,message,DISAGREE,false,"full stack",true,6,1,4,REVIEW,NO,""
a0bd48ce-e2ea-404a-a3df-d13378b488b5,Ahmad,linkedin,2026-09-28T17:39:53.884311+00:00,,relay_qualification_v2,relay_qualification_v2,69,0-25,SEVERE_OVER_SCORE,PASS,POLLUTED,maybe,NONE,maybe,skip,DISAGREE,true,"web design, product development",true,12,5,6,REVIEW,YES,"Competitor/dev company scored too high"
da28761e-38a1-4e3d-a692-1a93424261a4,Ahmad,linkedin,2026-09-28T17:44:39.996516+00:00,,relay_qualification_v2,relay_qualification_v2,78,0-25,SEVERE_OVER_SCORE,PASS,POLLUTED,worth_pursuing,STRONG,worth_pursuing,skip,DISAGREE,true,"software development, mobile development, product development",true,15,7,8,REVIEW,YES,"Competitor/dev company scored too high"
5a6a7e68-b639-44ee-96b2-7645b1746c26,Ahmad,linkedin,2026-09-28T17:57:12.006197+00:00,,relay_qualification_v2,relay_qualification_v2,78,63-93,REASONABLE,PASS,POLLUTED,worth_pursuing,STRONG,worth_pursuing,message,DISAGREE,false,"building software",true,17,9,8,REVIEW,NO,""
1041961e-0e8e-4de0-b860-8ab368c3567f,Ahmad,linkedin,2026-09-28T20:30:58.239663+00:00,,relay_qualification_v2,relay_qualification_v2,69,0-25,SEVERE_OVER_SCORE,PASS,POLLUTED,maybe,NONE,maybe,skip,DISAGREE,true,"full stack, engineering team",true,13,6,6,REVIEW,YES,"Competitor/dev company scored too high"
87feebe9-e61a-496e-968d-2ed968b2a7e1,Dawood,linkedin,2026-09-29T09:39:15.616369+00:00,,relay_qualification_v2,relay_qualification_v2,70,55-85,REASONABLE,PASS,POLLUTED,worth_pursuing,STRONG,worth_pursuing,message,DISAGREE,false,"",true,19,11,7,REVIEW,NO,""
6a397c81-b7bf-4551-af45-099c593c8cb9,Hassan,linkedin,2026-09-29T10:12:11.316281+00:00,,relay_qualification_v2,relay_qualification_v2,87,72-102,REASONABLE,PASS,POLLUTED,strong,STRONG,strong,message,DISAGREE,false,"",true,11,2,8,REVIEW,NO,""
e22da4e4-0c67-4e0d-bcc9-a9e99c32a567,Hassan,linkedin,2026-09-29T10:22:03.409225+00:00,,relay_qualification_v2,relay_qualification_v2,87,0-25,SEVERE_OVER_SCORE,PASS,POLLUTED,strong,STRONG,strong,skip,DISAGREE,true,"full stack, engineering team",true,10,1,8,REVIEW,YES,"Competitor/dev company scored too high"
b2252b7e-b240-4e63-9100-62698244054e,Hassan,linkedin,2026-09-29T10:39:27.273834+00:00,,relay_qualification_v2,relay_qualification_v2,84,69-99,REASONABLE,PASS,POLLUTED,worth_pursuing,STRONG,worth_pursuing,message,DISAGREE,false,"fullstack",true,10,1,8,REVIEW,NO,""
08295e07-b8eb-4092-bbf5-c71fbc23f748,Hassan,linkedin,2026-09-29T10:48:47.350836+00:00,,relay_qualification_v2,relay_qualification_v2,81,66-96,REASONABLE,PASS,POLLUTED,worth_pursuing,STRONG,worth_pursuing,message,DISAGREE,false,"full stack",true,9,1,7,REVIEW,NO,""
9482409e-6178-4d4c-8146-6a9c6c3e3172,Ahmad,linkedin,2026-09-29T12:00:46.587945+00:00,,relay_qualification_v2,relay_qualification_v2,76,61-91,REASONABLE,PASS,POLLUTED,worth_pursuing,STRONG,worth_pursuing,message,DISAGREE,false,"",true,9,3,6,REVIEW,NO,""
8a436dc3-ad48-4117-a30c-76e96ebfb956,Ahmad,linkedin,2026-09-29T12:09:21.823008+00:00,,relay_qualification_v2,relay_qualification_v2,81,66-96,REASONABLE,PASS,POLLUTED,worth_pursuing,STRONG,worth_pursuing,message,DISAGREE,false,"full stack",true,16,7,8,REVIEW,NO,""
0bdf703e-711f-4632-8d7e-b7b64aafbd5f,Ahmad,linkedin,2026-09-29T12:16:33.049203+00:00,,relay_qualification_v2,relay_qualification_v2,65,50-80,REASONABLE,PASS,POLLUTED,maybe,STRONG,maybe,message,DISAGREE,false,"",true,6,1,5,REVIEW,NO,""
2569ff13-d821-4fef-9801-1b329acb9c48,Ahmad,linkedin,2026-09-29T12:26:21.761837+00:00,,relay_qualification_v2,relay_qualification_v2,75,60-90,REASONABLE,INSUFFICIENT_SOURCE,POLLUTED,worth_pursuing,STRONG,worth_pursuing,message,DISAGREE,false,"full stack",true,6,1,5,REVIEW,NO,""
ed90a9bb-dd6e-42d2-b04f-dee9552c2ae3,Hassan,linkedin,2026-09-29T12:29:21.474358+00:00,,relay_qualification_v2,relay_qualification_v2,80,65-95,REASONABLE,INSUFFICIENT_SOURCE,POLLUTED,worth_pursuing,STRONG,worth_pursuing,message,DISAGREE,false,"",true,9,1,7,REVIEW,NO,""
fc10c9c9-a17b-49c7-aa49-a5fd6fbb0973,Ahmad,linkedin,2026-09-29T12:31:28.909752+00:00,,relay_qualification_v2,relay_qualification_v2,73,58-88,REASONABLE,PASS,POLLUTED,worth_pursuing,STRONG,worth_pursuing,message,DISAGREE,false,"",true,16,7,8,REVIEW,NO,""
ac033a75-aee5-4a07-a803-381deedc885f,Hassan,linkedin,2026-09-29T12:36:15.339527+00:00,,relay_qualification_v2,relay_qualification_v2,25,60-85,UNDER_SCORE,PASS,GOOD,skip,STRONG,skip,message,DISAGREE,false,"",true,4,3,0,REVIEW,NO,"Strong buyer intent but scored below 50"
886ccbb3-313e-45df-9503-001d0ff2b96a,Ahmad,linkedin,2026-09-29T12:39:58.617918+00:00,,relay_qualification_v2,relay_qualification_v2,71,56-86,REASONABLE,INSUFFICIENT_SOURCE,POLLUTED,worth_pursuing,STRONG,worth_pursuing,message,DISAGREE,false,"",true,2,1,1,REVIEW,NO,""
7b7d482a-b91e-4857-b173-f1f1e1d93d37,Dawood,linkedin,2026-09-29T12:40:06.857439+00:00,,relay_qualification_v2,relay_qualification_v2,86,71-101,REASONABLE,PASS,POLLUTED,strong,STRONG,strong,message,DISAGREE,false,"",true,10,7,2,REVIEW,NO,""