lead_id,reason,priority,historical_score,historical_qualification,historical_evidence_count,historical_has_artifact_pollution,new_score,new_qualification,new_evidence_count,new_has_artifact_pollution,new_relationship,new_need_ownership,score_delta,classification_changed,message_eligibility_changed,notes
6e40c20c-37e4-4fa9-9d3e-e72b1656db6f,""Competitor misclassified as buyer"",HIGH,61,maybe,6,true,0,skip,1,false,NETWORKING,SERVICE_OFFERING,61,true,true,"clean"
99451b43-f7da-4b16-908f-dbae877fee16,""Competitor misclassified as buyer"",HIGH,82,worth_pursuing,15,true,43,skip,7,false,POTENTIAL_BUYER,MARKET_PROBLEM,39,true,false,"clean"
824696e9-0bf5-48ac-8dc4-80254cba9395,""Competitor misclassified as buyer"",HIGH,51,skip,16,true,46,skip,11,false,POTENTIAL_BUYER,UNKNOWN,5,false,false,"clean"
83a484b5-291b-4af8-b21e-76a6b255d1fe,""Competitor misclassified as buyer"",HIGH,64,maybe,31,true,12,skip,26,false,POTENTIAL_BUYER,SERVICE_OFFERING,52,true,true,"clean"
944919fd-e31a-485c-8917-5719601c8dca,""Competitor misclassified as buyer"",HIGH,65,maybe,8,true,4,skip,1,false,PEER,UNKNOWN,61,true,true,"clean"
e8c58e95-7d55-484a-ab94-d483e01dbf60,""Competitor misclassified as buyer"",HIGH,64,maybe,14,true,89,strong,8,false,POTENTIAL_BUYER,UNKNOWN,-25,true,false,"clean"
5e2f183f-057d-4ce8-a2f9-9315a5c698c5,""Competitor misclassified as buyer"",HIGH,64,maybe,10,true,18,skip,3,false,NETWORKING,UNKNOWN,46,true,true,"clean"
7b101bc5-f68d-463e-8df7-3bb335ce03bc,""Competitor misclassified as buyer"",HIGH,63,maybe,19,true,0,skip,13,false,NETWORKING,SERVICE_OFFERING,63,true,true,"clean"
ae8ec990-3e1a-429e-a448-b2ed2bd3aef9,""Competitor misclassified as buyer"",HIGH,89,strong,24,true,56,maybe,15,false,POTENTIAL_BUYER,UNKNOWN,33,true,true,"clean"
b9fd13a8-6090-4eec-9b0b-9f1eaa8eb497,""Competitor misclassified as buyer"",HIGH,72,worth_pursuing,19,true,18,skip,11,false,NETWORKING,UNKNOWN,54,true,true,"clean"
9ca9fe45-f50f-400a-bbd6-dabff8694d17,""Competitor misclassified as buyer"",HIGH,60,maybe,5,true,21,skip,1,false,NETWORKING,UNKNOWN,39,true,false,"clean"
8f7769de-6d19-44b4-af57-fb65850c0929,""Competitor misclassified as buyer"",HIGH,62,maybe,15,true,37,skip,9,false,POTENTIAL_BUYER,UNKNOWN,25,true,true,"clean"
b7afbb3f-46df-4c6c-8a34-29acbaf58f33,""Competitor misclassified as buyer"",HIGH,78,worth_pursuing,13,true,0,skip,5,false,POTENTIAL_BUYER,SERVICE_OFFERING,78,true,true,"clean"
3ff36e33-ea6d-4d11-ace1-f79df90ef939,""Competitor misclassified as buyer"",HIGH,84,worth_pursuing,10,true,70,worth_pursuing,2,false,POTENTIAL_BUYER,UNKNOWN,14,false,false,"clean"
5b511389-dd3e-44a5-a762-b86bc3abd226,""Competitor misclassified as buyer"",HIGH,87,strong,21,true,53,skip,12,false,POTENTIAL_BUYER,UNKNOWN,34,true,true,"clean"
7ee668ca-032a-45d9-b6fc-1ba08eaf6014,""Competitor misclassified as buyer"",HIGH,78,worth_pursuing,15,true,45,skip,7,false,POTENTIAL_BUYER,MARKET_PROBLEM,33,true,true,"clean"
e361ca17-1776-4b68-b6e1-dcbab5eeea8d,""Competitor misclassified as buyer"",HIGH,70,worth_pursuing,9,true,61,maybe,3,false,POTENTIAL_BUYER,UNKNOWN,9,true,true,"clean"
1a69c934-7df9-47d9-8927-8c4d012ed944,""Competitor misclassified as buyer"",HIGH,71,worth_pursuing,15,true,0,skip,7,false,NETWORKING,SERVICE_OFFERING,71,true,true,"clean"
4ed79bd1-46db-4a32-bb92-c3dd2a4a8bbe,""Competitor misclassified as buyer"",HIGH,74,worth_pursuing,5,true,13,skip,0,false,POTENTIAL_BUYER,UNKNOWN,61,true,true,"clean"
a69784eb-7f91-4b45-a999-0a12a1e4c1b3,""Competitor misclassified as buyer"",HIGH,89,strong,22,true,24,skip,13,false,NETWORKING,UNKNOWN,65,true,true,"clean"
3a169ddb-ba46-4d1e-bab1-86b674d33e97,""Competitor misclassified as buyer"",HIGH,66,maybe,10,true,0,skip,3,false,PEER,UNKNOWN,66,true,true,"clean"
850e41d6-7553-46ba-9e41-e28d94939a2f,""Competitor misclassified as buyer"",HIGH,83,worth_pursuing,9,true,0,skip,1,false,POTENTIAL_PARTNER,UNKNOWN,83,true,false,"clean"
2d36e5ca-58bf-4a63-a1f7-6db5f49dbdbe,""Competitor misclassified as buyer"",HIGH,75,worth_pursuing,14,true,5,skip,5,false,POTENTIAL_PARTNER,UNKNOWN,70,true,false,"clean"
b5a2dbcc-c187-48d9-bda5-fcba143bb93c,""Competitor misclassified as buyer"",HIGH,90,strong,13,true,33,skip,5,false,POTENTIAL_BUYER,UNKNOWN,57,true,true,"clean"
33d57745-1045-433e-96b0-abe5262f22e8,""Competitor misclassified as buyer"",HIGH,86,strong,22,true,86,strong,12,false,POTENTIAL_BUYER,UNKNOWN,0,false,false,"clean"
8b6ff95a-50d6-4ead-8044-e6f8c3ac505a,""Competitor misclassified as buyer"",HIGH,82,worth_pursuing,17,true,3,skip,7,false,POTENTIAL_PARTNER,UNKNOWN,79,true,true,"clean"
b8c768c3-e3be-4bfa-813c-b2c0355c4ec4,""Competitor misclassified as buyer"",HIGH,85,strong,14,true,24,skip,3,false,NETWORKING,UNKNOWN,61,true,true,"clean"
63c5d01e-4fd3-46e8-b604-9fd71590605f,""Competitor misclassified as buyer"",HIGH,66,maybe,20,true,20,skip,13,false,POTENTIAL_BUYER,UNKNOWN,46,true,true,"clean"
7ef0fecc-864e-4bb6-b8b1-53aebc152049,""Competitor misclassified as buyer"",HIGH,84,worth_pursuing,10,true,25,skip,2,false,POTENTIAL_BUYER,UNKNOWN,59,true,true,"clean"
37b4026f-ec76-4588-9edd-3054e8144b00,""Competitor misclassified as buyer"",HIGH,85,strong,11,true,60,maybe,3,false,POTENTIAL_BUYER,UNKNOWN,25,true,true,"clean"
3d68fd2f-8b1e-4bd1-8e45-605bab4c6d23,""Competitor misclassified as buyer"",HIGH,77,worth_pursuing,25,true,3,skip,16,false,NETWORKING,MARKET_PROBLEM,74,true,true,"clean"
9c0e3d34-4a89-449d-a974-099028441a1d,""Competitor misclassified as buyer"",HIGH,68,maybe,12,true,41,skip,6,false,POTENTIAL_BUYER,SERVICE_OFFERING,27,true,true,"clean"
bbc69594-adce-43aa-a849-8ef86915d57b,""Competitor misclassified as buyer"",HIGH,85,strong,11,true,18,skip,2,false,POTENTIAL_BUYER,SERVICE_OFFERING,67,true,true,"clean"
f7fead50-ec82-44a3-b1fc-aa44164c90ac,""Competitor misclassified as buyer"",HIGH,69,maybe,14,true,47,skip,6,false,POTENTIAL_BUYER,UNKNOWN,22,true,true,"clean"
ee6088ad-1bc2-42c5-b078-51849d085625,""Competitor misclassified as buyer"",HIGH,84,worth_pursuing,10,true,57,maybe,2,false,POTENTIAL_BUYER,UNKNOWN,27,true,true,"clean"
4489b497-30f2-453f-b8df-a8688eaedde6,""Competitor misclassified as buyer"",HIGH,64,maybe,38,true,0,skip,32,false,POTENTIAL_BUYER,SERVICE_OFFERING,64,true,true,"clean"
f3e7c5a1-a68e-4883-be09-fdf3fea620f3,""Competitor misclassified as buyer"",HIGH,74,worth_pursuing,19,true,26,skip,11,false,NETWORKING,UNKNOWN,48,true,false,"clean"
c70ee35f-d1be-4815-bf2f-77d603dee121,""Competitor misclassified as buyer"",HIGH,67,maybe,8,true,1,skip,1,false,POTENTIAL_BUYER,SERVICE_OFFERING,66,true,false,"clean"
8989149c-0fea-4485-8744-efcdde41d277,""Competitor misclassified as buyer"",HIGH,85,strong,25,true,79,worth_pursuing,16,false,POTENTIAL_BUYER,UNKNOWN,6,true,false,"clean"
adf01a2e-6eef-44ec-883a-cfc53c611e8a,""Competitor misclassified as buyer"",HIGH,69,maybe,7,true,0,skip,1,false,PEER,MARKET_PROBLEM,69,true,true,"clean"
29fe2362-0696-49c8-bc92-e2848a02d0e9,""Competitor misclassified as buyer"",HIGH,66,maybe,27,true,0,skip,21,false,POTENTIAL_BUYER,SERVICE_OFFERING,66,true,true,"clean"
b10eb1d0-9c0d-414f-a190-712349e1894d,""Competitor misclassified as buyer"",HIGH,81,worth_pursuing,17,true,52,skip,8,false,POTENTIAL_BUYER,MARKET_PROBLEM,29,true,true,"clean"
c6e16a37-7640-4e17-ba67-c40a8de600f1,""Competitor misclassified as buyer"",HIGH,70,worth_pursuing,11,true,18,skip,5,false,POTENTIAL_BUYER,SERVICE_OFFERING,52,true,true,"clean"
9b10b151-9674-4c0e-8a37-4e90a8c690a6,""Competitor misclassified as buyer"",HIGH,74,worth_pursuing,29,true,15,skip,21,false,POTENTIAL_BUYER,SERVICE_OFFERING,59,true,true,"clean"
c4eb646a-baa4-4ae0-9ae8-08869c6bcdd8,""Competitor misclassified as buyer"",HIGH,87,strong,10,true,0,skip,2,false,PEER,MARKET_PROBLEM,87,true,true,"clean"
969c745f-74e3-4522-8091-8ea97da07ad6,""Competitor misclassified as buyer"",HIGH,70,worth_pursuing,15,true,64,maybe,8,false,POTENTIAL_BUYER,UNKNOWN,6,true,true,"clean"
415a0a2d-e64e-445e-a84b-391dab58d103,""Competitor misclassified as buyer"",HIGH,65,maybe,6,true,22,skip,1,false,POTENTIAL_BUYER,MARKET_PROBLEM,43,true,true,"clean"
5fb3dc45-4484-45b2-91f8-b234e25579ba,""Competitor misclassified as buyer"",HIGH,70,worth_pursuing,17,true,15,skip,10,false,NETWORKING,MARKET_PROBLEM,55,true,true,"clean"
5d9d70c6-fb4c-4dde-a294-838297753e7a,""Competitor misclassified as buyer"",HIGH,69,maybe,19,true,47,skip,12,false,POTENTIAL_BUYER,UNKNOWN,22,true,true,"clean"
64ae291d-0eb0-4788-9b0c-90301a1abc71,""Competitor misclassified as buyer"",HIGH,85,strong,21,true,13,skip,12,false,POTENTIAL_BUYER,SERVICE_OFFERING,72,true,true,"clean"
a307aecf-e323-40c6-a58c-8e4306092f56,""Competitor misclassified as buyer"",HIGH,58,maybe,17,true,44,skip,11,false,POTENTIAL_BUYER,UNKNOWN,14,true,true,"clean"
db3e00d5-dcd7-4cd3-bbac-3ab97b5f2163,""Competitor misclassified as buyer"",HIGH,60,maybe,6,true,20,skip,0,false,POTENTIAL_BUYER,MARKET_PROBLEM,40,true,false,"clean"
d843745e-ed95-437d-aab8-58c034d31747,""Competitor misclassified as buyer"",HIGH,68,maybe,23,true,33,skip,16,false,NETWORKING,UNKNOWN,35,true,true,"clean"
a0bd48ce-e2ea-404a-a3df-d13378b488b5,""Competitor misclassified as buyer"",HIGH,69,maybe,12,true,31,skip,5,false,POTENTIAL_BUYER,UNKNOWN,38,true,true,"clean"
da28761e-38a1-4e3d-a692-1a93424261a4,""Competitor misclassified as buyer"",HIGH,78,worth_pursuing,15,true,60,maybe,7,false,POTENTIAL_BUYER,UNKNOWN,18,true,true,"clean"
1041961e-0e8e-4de0-b860-8ab368c3567f,""Competitor misclassified as buyer"",HIGH,69,maybe,13,true,57,maybe,7,false,POTENTIAL_BUYER,UNKNOWN,12,false,true,"clean"
e22da4e4-0c67-4e0d-bcc9-a9e99c32a567,""Competitor misclassified as buyer"",HIGH,87,strong,10,true,73,worth_pursuing,2,false,POTENTIAL_BUYER,UNKNOWN,14,true,false,"clean"
6e40c20c-37e4-4fa9-9d3e-e72b1656db6f,""Competitor/dev company scored too high"",HIGH,61,maybe,6,true,0,skip,1,false,NETWORKING,SERVICE_OFFERING,61,true,true,"clean"
afdbfbad-247b-41b6-a8f3-ee05949b1e1f,""No buyer intent but scored above 60"",MEDIUM,64,maybe,6,true,1,skip,1,false,POTENTIAL_BUYER,SERVICE_OFFERING,63,true,false,"clean"
92a87a97-9ce5-45b6-b4b0-32b7a8e920b3,""No buyer intent but scored above 60"",MEDIUM,62,maybe,21,true,30,skip,16,false,NETWORKING,UNKNOWN,32,true,false,"clean"
99451b43-f7da-4b16-908f-dbae877fee16,""Competitor/dev company scored too high"",HIGH,82,worth_pursuing,15,true,43,skip,7,false,POTENTIAL_BUYER,MARKET_PROBLEM,39,true,false,"clean"
824696e9-0bf5-48ac-8dc4-80254cba9395,""Competitor/dev company scored too high"",HIGH,51,skip,16,true,46,skip,11,false,POTENTIAL_BUYER,UNKNOWN,5,false,false,"clean"
83a484b5-291b-4af8-b21e-76a6b255d1fe,""Competitor/dev company scored too high"",HIGH,64,maybe,31,true,12,skip,26,false,POTENTIAL_BUYER,SERVICE_OFFERING,52,true,true,"clean"
944919fd-e31a-485c-8917-5719601c8dca,""Competitor/dev company scored too high"",HIGH,65,maybe,8,true,4,skip,1,false,PEER,UNKNOWN,61,true,true,"clean"
e8c58e95-7d55-484a-ab94-d483e01dbf60,""Competitor/dev company scored too high"",HIGH,64,maybe,14,true,89,strong,8,false,POTENTIAL_BUYER,UNKNOWN,-25,true,false,"clean"
5e2f183f-057d-4ce8-a2f9-9315a5c698c5,""Competitor/dev company scored too high"",HIGH,64,maybe,10,true,18,skip,3,false,NETWORKING,UNKNOWN,46,true,true,"clean"
7b101bc5-f68d-463e-8df7-3bb335ce03bc,""Competitor/dev company scored too high"",HIGH,63,maybe,19,true,0,skip,13,false,NETWORKING,SERVICE_OFFERING,63,true,true,"clean"
ae8ec990-3e1a-429e-a448-b2ed2bd3aef9,""Competitor/dev company scored too high"",HIGH,89,strong,24,true,56,maybe,15,false,POTENTIAL_BUYER,UNKNOWN,33,true,true,"clean"
47b12b5d-94f9-4de1-b487-faa206c17a0d,""No buyer intent but scored above 60"",MEDIUM,85,strong,10,true,15,skip,0,false,POTENTIAL_BUYER,UNKNOWN,70,true,true,"clean"
b9fd13a8-6090-4eec-9b0b-9f1eaa8eb497,""Competitor/dev company scored too high"",HIGH,72,worth_pursuing,19,true,18,skip,11,false,NETWORKING,UNKNOWN,54,true,true,"clean"
9ca9fe45-f50f-400a-bbd6-dabff8694d17,""Competitor/dev company scored too high"",HIGH,60,maybe,5,true,21,skip,1,false,NETWORKING,UNKNOWN,39,true,false,"clean"
8f7769de-6d19-44b4-af57-fb65850c0929,""Competitor/dev company scored too high"",HIGH,62,maybe,15,true,37,skip,9,false,POTENTIAL_BUYER,UNKNOWN,25,true,true,"clean"
1f0adcb2-a62e-49e7-93fb-fbcaa0c11eb5,""No buyer intent but scored above 60"",MEDIUM,62,maybe,12,true,18,skip,4,false,POTENTIAL_BUYER,UNKNOWN,44,true,true,"clean"
b7afbb3f-46df-4c6c-8a34-29acbaf58f33,""Competitor/dev company scored too high"",HIGH,78,worth_pursuing,13,true,0,skip,5,false,POTENTIAL_BUYER,SERVICE_OFFERING,78,true,true,"clean"
b10a2a63-b0fb-4b1c-8f9d-9b4899d99b9e,""No buyer intent but scored above 60"",MEDIUM,70,worth_pursuing,8,true,24,skip,1,false,NETWORKING,UNKNOWN,46,true,true,"clean"
3ff36e33-ea6d-4d11-ace1-f79df90ef939,""Competitor/dev company scored too high"",HIGH,84,worth_pursuing,10,true,70,worth_pursuing,2,false,POTENTIAL_BUYER,UNKNOWN,14,false,false,"clean"
5b511389-dd3e-44a5-a762-b86bc3abd226,""Competitor/dev company scored too high"",HIGH,87,strong,21,true,53,skip,12,false,POTENTIAL_BUYER,UNKNOWN,34,true,true,"clean"
7ee668ca-032a-45d9-b6fc-1ba08eaf6014,""Competitor/dev company scored too high"",HIGH,78,worth_pursuing,15,true,45,skip,7,false,POTENTIAL_BUYER,MARKET_PROBLEM,33,true,true,"clean"
e361ca17-1776-4b68-b6e1-dcbab5eeea8d,""Competitor/dev company scored too high"",HIGH,70,worth_pursuing,9,true,61,maybe,3,false,POTENTIAL_BUYER,UNKNOWN,9,true,true,"clean"
1a69c934-7df9-47d9-8927-8c4d012ed944,""Competitor/dev company scored too high"",HIGH,71,worth_pursuing,15,true,0,skip,7,false,NETWORKING,SERVICE_OFFERING,71,true,true,"clean"
90f3ee79-f3c8-434d-94f0-a5b832cbe904,""No buyer intent but scored above 60"",MEDIUM,75,worth_pursuing,7,true,15,skip,1,false,POTENTIAL_BUYER,UNKNOWN,60,true,true,"clean"
2ed06c88-0e36-4a83-8769-b663b5693db2,""No buyer intent but scored above 60"",MEDIUM,62,maybe,4,true,15,skip,0,false,NETWORKING,UNKNOWN,47,true,true,"clean"
4ed79bd1-46db-4a32-bb92-c3dd2a4a8bbe,""Competitor/dev company scored too high"",HIGH,74,worth_pursuing,5,true,13,skip,0,false,POTENTIAL_BUYER,UNKNOWN,61,true,true,"clean"
9a9d7a57-c537-4825-9add-4f51d9a56ccf,""No buyer intent but scored above 60"",MEDIUM,67,maybe,16,true,24,skip,9,false,POTENTIAL_BUYER,UNKNOWN,43,true,false,"clean"
1410d407-3acc-48f6-ad07-a4ebfee8d774,""No buyer intent but scored above 60"",MEDIUM,78,worth_pursuing,6,true,41,skip,0,false,POTENTIAL_BUYER,UNKNOWN,37,true,true,"clean"
a69784eb-7f91-4b45-a999-0a12a1e4c1b3,""Competitor/dev company scored too high"",HIGH,89,strong,22,true,24,skip,13,false,NETWORKING,UNKNOWN,65,true,true,"clean"
6050fd98-c43c-40b2-8dfc-649485747437,""No buyer intent but scored above 60"",MEDIUM,68,maybe,7,true,28,skip,0,false,POTENTIAL_BUYER,UNKNOWN,40,true,true,"clean"
02c781f3-7829-4e87-be1f-c3127675a814,""No buyer intent but scored above 60"",MEDIUM,77,worth_pursuing,13,true,58,maybe,5,false,POTENTIAL_BUYER,UNKNOWN,19,true,true,"clean"
3a169ddb-ba46-4d1e-bab1-86b674d33e97,""Competitor/dev company scored too high"",HIGH,66,maybe,10,true,0,skip,3,false,PEER,UNKNOWN,66,true,true,"clean"
645f9526-c009-4c1e-81a4-d36fb5f39457,""No buyer intent but scored above 60"",MEDIUM,79,worth_pursuing,13,true,20,skip,4,false,NETWORKING,UNKNOWN,59,true,false,"clean"
850e41d6-7553-46ba-9e41-e28d94939a2f,""Competitor/dev company scored too high"",HIGH,83,worth_pursuing,9,true,0,skip,1,false,POTENTIAL_PARTNER,UNKNOWN,83,true,false,"clean"
2d36e5ca-58bf-4a63-a1f7-6db5f49dbdbe,""Competitor/dev company scored too high"",HIGH,75,worth_pursuing,14,true,5,skip,5,false,POTENTIAL_PARTNER,UNKNOWN,70,true,false,"clean"
8e528f7f-abd0-4e22-82f0-a369c942dafa,""No buyer intent but scored above 60"",MEDIUM,76,worth_pursuing,15,true,0,skip,4,false,POTENTIAL_BUYER,SERVICE_OFFERING,76,true,false,"clean"
b5a2dbcc-c187-48d9-bda5-fcba143bb93c,""Competitor/dev company scored too high"",HIGH,90,strong,13,true,33,skip,5,false,POTENTIAL_BUYER,UNKNOWN,57,true,true,"clean"
33d57745-1045-433e-96b0-abe5262f22e8,""Competitor/dev company scored too high"",HIGH,86,strong,22,true,86,strong,12,false,POTENTIAL_BUYER,UNKNOWN,0,false,false,"clean"
7b488835-eca6-4846-af8b-72b22a8cd67c,""No buyer intent but scored above 60"",MEDIUM,75,worth_pursuing,13,true,20,skip,4,false,NETWORKING,UNKNOWN,55,true,false,"clean"
7a2360f8-5a2b-4729-afbc-f96a924736a7,""No buyer intent but scored above 60"",MEDIUM,75,worth_pursuing,12,true,20,skip,5,false,POTENTIAL_BUYER,UNKNOWN,55,true,false,"clean"
8b6ff95a-50d6-4ead-8044-e6f8c3ac505a,""Competitor/dev company scored too high"",HIGH,82,worth_pursuing,17,true,3,skip,7,false,POTENTIAL_PARTNER,UNKNOWN,79,true,true,"clean"
b8c768c3-e3be-4bfa-813c-b2c0355c4ec4,""Competitor/dev company scored too high"",HIGH,85,strong,14,true,24,skip,3,false,NETWORKING,UNKNOWN,61,true,true,"clean"
984740e7-2f5d-484d-af31-41f79e2fa1f2,""No buyer intent but scored above 60"",MEDIUM,75,worth_pursuing,13,true,20,skip,5,false,POTENTIAL_BUYER,UNKNOWN,55,true,false,"clean"
a15bc707-d923-4571-b278-5146dd18c6ad,""No buyer intent but scored above 60"",MEDIUM,81,worth_pursuing,19,true,57,maybe,10,false,POTENTIAL_BUYER,UNKNOWN,24,true,true,"clean"
5581a4e8-52fc-426e-9783-f3336f85c5e9,""No buyer intent but scored above 60"",MEDIUM,88,strong,15,true,46,skip,6,false,POTENTIAL_BUYER,UNKNOWN,42,true,false,"clean"
63c5d01e-4fd3-46e8-b604-9fd71590605f,""Competitor/dev company scored too high"",HIGH,66,maybe,20,true,20,skip,13,false,POTENTIAL_BUYER,UNKNOWN,46,true,true,"clean"
fbc1cad8-07f6-4262-acbe-ca60fc3eb119,""No buyer intent but scored above 60"",MEDIUM,89,strong,17,true,38,skip,7,false,POTENTIAL_BUYER,UNKNOWN,51,true,true,"clean"
7ef0fecc-864e-4bb6-b8b1-53aebc152049,""Competitor/dev company scored too high"",HIGH,84,worth_pursuing,10,true,25,skip,2,false,POTENTIAL_BUYER,UNKNOWN,59,true,true,"clean"
37b4026f-ec76-4588-9edd-3054e8144b00,""Competitor/dev company scored too high"",HIGH,85,strong,11,true,60,maybe,3,false,POTENTIAL_BUYER,UNKNOWN,25,true,true,"clean"
23a15288-114e-40e4-835b-36165677fbc1,""No buyer intent but scored above 60"",MEDIUM,68,maybe,19,true,18,skip,13,false,NETWORKING,UNKNOWN,50,true,true,"clean"
3d68fd2f-8b1e-4bd1-8e45-605bab4c6d23,""Competitor/dev company scored too high"",HIGH,77,worth_pursuing,25,true,3,skip,16,false,NETWORKING,MARKET_PROBLEM,74,true,true,"clean"
cef4e2cd-fb4c-4b31-a6e9-03d2eb972fe4,""No buyer intent but scored above 60"",MEDIUM,72,worth_pursuing,10,true,21,skip,1,false,POTENTIAL_BUYER,UNKNOWN,51,true,true,"clean"
9c0e3d34-4a89-449d-a974-099028441a1d,""Competitor/dev company scored too high"",HIGH,68,maybe,12,true,41,skip,6,false,POTENTIAL_BUYER,SERVICE_OFFERING,27,true,true,"clean"
bbc69594-adce-43aa-a849-8ef86915d57b,""Competitor/dev company scored too high"",HIGH,85,strong,11,true,18,skip,2,false,POTENTIAL_BUYER,SERVICE_OFFERING,67,true,true,"clean"
f7fead50-ec82-44a3-b1fc-aa44164c90ac,""Competitor/dev company scored too high"",HIGH,69,maybe,14,true,47,skip,6,false,POTENTIAL_BUYER,UNKNOWN,22,true,true,"clean"
ee6088ad-1bc2-42c5-b078-51849d085625,""Competitor/dev company scored too high"",HIGH,84,worth_pursuing,10,true,57,maybe,2,false,POTENTIAL_BUYER,UNKNOWN,27,true,true,"clean"
4489b497-30f2-453f-b8df-a8688eaedde6,""Competitor/dev company scored too high"",HIGH,64,maybe,38,true,0,skip,32,false,POTENTIAL_BUYER,SERVICE_OFFERING,64,true,true,"clean"
f3e7c5a1-a68e-4883-be09-fdf3fea620f3,""Competitor/dev company scored too high"",HIGH,74,worth_pursuing,19,true,26,skip,11,false,NETWORKING,UNKNOWN,48,true,false,"clean"
2dd6f898-6ca7-43e2-97b6-fe63b656976e,""No buyer intent but scored above 60"",MEDIUM,85,strong,10,true,22,skip,0,false,POTENTIAL_BUYER,UNKNOWN,63,true,false,"clean"
c70ee35f-d1be-4815-bf2f-77d603dee121,""Competitor/dev company scored too high"",HIGH,67,maybe,8,true,1,skip,1,false,POTENTIAL_BUYER,SERVICE_OFFERING,66,true,false,"clean"
41e417bc-d366-4aed-8583-d75b73d8fe96,""No buyer intent but scored above 60"",MEDIUM,65,maybe,19,true,38,skip,12,false,POTENTIAL_BUYER,UNKNOWN,27,true,false,"clean"
8a1aeced-84a5-4af2-9716-86c8dff4d675,""No buyer intent but scored above 60"",MEDIUM,69,maybe,6,true,0,skip,1,false,POTENTIAL_BUYER,SERVICE_OFFERING,69,true,true,"clean"
8989149c-0fea-4485-8744-efcdde41d277,""Competitor/dev company scored too high"",HIGH,85,strong,25,true,79,worth_pursuing,16,false,POTENTIAL_BUYER,UNKNOWN,6,true,false,"clean"
adf01a2e-6eef-44ec-883a-cfc53c611e8a,""Competitor/dev company scored too high"",HIGH,69,maybe,7,true,0,skip,1,false,PEER,MARKET_PROBLEM,69,true,true,"clean"
e575a2b9-f7f0-454c-ba49-55e62fe1ece6,""No buyer intent but scored above 60"",MEDIUM,66,maybe,6,true,55,maybe,1,false,POTENTIAL_BUYER,UNKNOWN,11,false,true,"clean"
29fe2362-0696-49c8-bc92-e2848a02d0e9,""Competitor/dev company scored too high"",HIGH,66,maybe,27,true,0,skip,21,false,POTENTIAL_BUYER,SERVICE_OFFERING,66,true,true,"clean"
b10eb1d0-9c0d-414f-a190-712349e1894d,""Competitor/dev company scored too high"",HIGH,81,worth_pursuing,17,true,52,skip,8,false,POTENTIAL_BUYER,MARKET_PROBLEM,29,true,true,"clean"
c6e16a37-7640-4e17-ba67-c40a8de600f1,""Competitor/dev company scored too high"",HIGH,70,worth_pursuing,11,true,18,skip,5,false,POTENTIAL_BUYER,SERVICE_OFFERING,52,true,true,"clean"
9b10b151-9674-4c0e-8a37-4e90a8c690a6,""Competitor/dev company scored too high"",HIGH,74,worth_pursuing,29,true,15,skip,21,false,POTENTIAL_BUYER,SERVICE_OFFERING,59,true,true,"clean"
c4eb646a-baa4-4ae0-9ae8-08869c6bcdd8,""Competitor/dev company scored too high"",HIGH,87,strong,10,true,0,skip,2,false,PEER,MARKET_PROBLEM,87,true,true,"clean"
969c745f-74e3-4522-8091-8ea97da07ad6,""Competitor/dev company scored too high"",HIGH,70,worth_pursuing,15,true,64,maybe,8,false,POTENTIAL_BUYER,UNKNOWN,6,true,true,"clean"
30b7e756-35e2-43b3-8991-b65f5015bc22,""No buyer intent but scored above 60"",MEDIUM,69,maybe,8,true,51,skip,1,false,POTENTIAL_BUYER,UNKNOWN,18,true,true,"clean"
415a0a2d-e64e-445e-a84b-391dab58d103,""Competitor/dev company scored too high"",HIGH,65,maybe,6,true,22,skip,1,false,POTENTIAL_BUYER,MARKET_PROBLEM,43,true,true,"clean"
5fb3dc45-4484-45b2-91f8-b234e25579ba,""Competitor/dev company scored too high"",HIGH,70,worth_pursuing,17,true,15,skip,10,false,NETWORKING,MARKET_PROBLEM,55,true,true,"clean"
5d9d70c6-fb4c-4dde-a294-838297753e7a,""Competitor/dev company scored too high"",HIGH,69,maybe,19,true,47,skip,12,false,POTENTIAL_BUYER,UNKNOWN,22,true,true,"clean"
64ae291d-0eb0-4788-9b0c-90301a1abc71,""Competitor/dev company scored too high"",HIGH,85,strong,21,true,13,skip,12,false,POTENTIAL_BUYER,SERVICE_OFFERING,72,true,true,"clean"
a307aecf-e323-40c6-a58c-8e4306092f56,""Competitor/dev company scored too high"",HIGH,58,maybe,17,true,44,skip,11,false,POTENTIAL_BUYER,UNKNOWN,14,true,true,"clean"
a96af15f-5076-45d2-bf0b-eaa64117d0db,""No buyer intent but scored above 60"",MEDIUM,65,maybe,6,true,28,skip,1,false,POTENTIAL_BUYER,UNKNOWN,37,true,true,"clean"
db3e00d5-dcd7-4cd3-bbac-3ab97b5f2163,""Competitor/dev company scored too high"",HIGH,60,maybe,6,true,20,skip,0,false,POTENTIAL_BUYER,MARKET_PROBLEM,40,true,false,"clean"
d843745e-ed95-437d-aab8-58c034d31747,""Competitor/dev company scored too high"",HIGH,68,maybe,23,true,33,skip,16,false,NETWORKING,UNKNOWN,35,true,true,"clean"
a0bd48ce-e2ea-404a-a3df-d13378b488b5,""Competitor/dev company scored too high"",HIGH,69,maybe,12,true,31,skip,5,false,POTENTIAL_BUYER,UNKNOWN,38,true,true,"clean"
da28761e-38a1-4e3d-a692-1a93424261a4,""Competitor/dev company scored too high"",HIGH,78,worth_pursuing,15,true,60,maybe,7,false,POTENTIAL_BUYER,UNKNOWN,18,true,true,"clean"
1041961e-0e8e-4de0-b860-8ab368c3567f,""Competitor/dev company scored too high"",HIGH,69,maybe,13,true,57,maybe,7,false,POTENTIAL_BUYER,UNKNOWN,12,false,true,"clean"
e22da4e4-0c67-4e0d-bcc9-a9e99c32a567,""Competitor/dev company scored too high"",HIGH,87,strong,10,true,73,worth_pursuing,2,false,POTENTIAL_BUYER,UNKNOWN,14,true,false,"clean"
c3f17ace-f08b-41d5-b206-853d5f0f92a3,""Message targets competitor (dm)"",HIGH,10,send,0,false,3,skip,7,false,POTENTIAL_BUYER,MARKET_PROBLEM,7,true,true,"clean"
c3f17ace-f08b-41d5-b206-853d5f0f92a3,""Message targets competitor (dm)"",HIGH,10,send,0,false,3,skip,7,false,POTENTIAL_BUYER,MARKET_PROBLEM,7,true,true,"clean"
f99a0b19-b89b-4406-8bb2-5f42513231ae,""Message targets competitor (connection)"",HIGH,12,send,0,false,15,skip,0,false,POTENTIAL_BUYER,UNKNOWN,-3,true,true,"clean"
f99a0b19-b89b-4406-8bb2-5f42513231ae,""Message targets competitor (connection)"",HIGH,12,send,0,false,15,skip,0,false,POTENTIAL_BUYER,UNKNOWN,-3,true,true,"clean"
37164e41-61ed-410d-b3e3-731e77a7a05a,""Message targets competitor (connection)"",HIGH,12,send,0,false,0,skip,0,false,UNKNOWN,unknown,12,true,true,"clean"
37164e41-61ed-410d-b3e3-731e77a7a05a,""Message targets competitor (connection)"",HIGH,12,send,0,false,0,skip,0,false,UNKNOWN,unknown,12,true,true,"clean"
2e71da96-e349-4e2a-9105-500d10380a48,""Message targets competitor (connection)"",HIGH,12,send,0,false,56,maybe,4,false,POTENTIAL_BUYER,UNKNOWN,-44,true,true,"clean"
2e71da96-e349-4e2a-9105-500d10380a48,""Message targets competitor (connection)"",HIGH,12,send,0,false,56,maybe,4,false,POTENTIAL_BUYER,UNKNOWN,-44,true,true,"clean"
d7f48eea-03cf-4b1b-981b-3b6c1b106ceb,""Message targets competitor (connection)"",HIGH,10,send,0,false,0,skip,15,false,NETWORKING,SERVICE_OFFERING,10,true,true,"clean"
d7f48eea-03cf-4b1b-981b-3b6c1b106ceb,""Message targets competitor (connection)"",HIGH,10,send,0,false,0,skip,15,false,NETWORKING,SERVICE_OFFERING,10,true,true,"clean"
47885642-dfc5-4dad-b368-4d7a56b97c98,""Message targets competitor (connection)"",HIGH,11,send,0,false,0,skip,9,false,POTENTIAL_PARTNER,UNKNOWN,11,true,true,"clean"
47885642-dfc5-4dad-b368-4d7a56b97c98,""Message targets competitor (connection)"",HIGH,11,send,0,false,0,skip,9,false,POTENTIAL_PARTNER,UNKNOWN,11,true,true,"clean"
291e5eec-53cf-48c5-9e75-59099bdaf999,""Message targets competitor (dm)"",HIGH,12,send,0,false,29,skip,4,false,POTENTIAL_BUYER,SERVICE_OFFERING,-17,true,true,"clean"
291e5eec-53cf-48c5-9e75-59099bdaf999,""Message targets competitor (dm)"",HIGH,12,send,0,false,29,skip,4,false,POTENTIAL_BUYER,SERVICE_OFFERING,-17,true,true,"clean"
291e5eec-53cf-48c5-9e75-59099bdaf999,""Message targets competitor (dm)"",HIGH,12,send,0,false,29,skip,4,false,POTENTIAL_BUYER,SERVICE_OFFERING,-17,true,true,"clean"
32b57f45-20a9-4e42-84c5-a03d12ba79fe,""Message targets competitor (dm)"",HIGH,10,send,0,false,30,skip,12,false,POTENTIAL_BUYER,UNKNOWN,-20,true,true,"clean"
32b57f45-20a9-4e42-84c5-a03d12ba79fe,""Message targets competitor (dm)"",HIGH,10,send,0,false,30,skip,12,false,POTENTIAL_BUYER,UNKNOWN,-20,true,true,"clean"
276ac7d2-925e-4144-875b-dc2389deef63,""Message targets competitor (dm)"",HIGH,12,send,0,false,24,skip,8,false,NETWORKING,UNKNOWN,-12,true,true,"clean"
276ac7d2-925e-4144-875b-dc2389deef63,""Message targets competitor (dm)"",HIGH,12,send,0,false,24,skip,8,false,NETWORKING,UNKNOWN,-12,true,true,"clean"
276ac7d2-925e-4144-875b-dc2389deef63,""Message targets competitor (connection)"",HIGH,12,send,0,false,24,skip,8,false,NETWORKING,UNKNOWN,-12,true,true,"clean"
276ac7d2-925e-4144-875b-dc2389deef63,""Message targets competitor (dm)"",HIGH,12,send,0,false,24,skip,8,false,NETWORKING,UNKNOWN,-12,true,true,"clean"
0eef880f-acdf-4832-9933-a90b3b194e43,""Message targets competitor (connection)"",HIGH,12,send,0,false,0,skip,0,false,UNKNOWN,unknown,12,true,true,"clean"
276ac7d2-925e-4144-875b-dc2389deef63,""Message targets competitor (dm)"",HIGH,12,send,0,false,24,skip,8,false,NETWORKING,UNKNOWN,-12,true,true,"clean"
276ac7d2-925e-4144-875b-dc2389deef63,""Message targets competitor (dm)"",HIGH,12,send,0,false,24,skip,8,false,NETWORKING,UNKNOWN,-12,true,true,"clean"
0eef880f-acdf-4832-9933-a90b3b194e43,""Message targets competitor (connection)"",HIGH,12,send,0,false,0,skip,0,false,UNKNOWN,unknown,12,true,true,"clean"
276ac7d2-925e-4144-875b-dc2389deef63,""Message targets competitor (dm)"",HIGH,12,send,0,false,24,skip,8,false,NETWORKING,UNKNOWN,-12,true,true,"clean"
276ac7d2-925e-4144-875b-dc2389deef63,""Message targets competitor (dm)"",HIGH,12,send,0,false,24,skip,8,false,NETWORKING,UNKNOWN,-12,true,true,"clean"
276ac7d2-925e-4144-875b-dc2389deef63,""Message targets competitor (dm)"",HIGH,12,send,0,false,24,skip,8,false,NETWORKING,UNKNOWN,-12,true,true,"clean"
276ac7d2-925e-4144-875b-dc2389deef63,""Message targets competitor (dm)"",HIGH,12,send,0,false,24,skip,8,false,NETWORKING,UNKNOWN,-12,true,true,"clean"
c4bcc44b-cebd-4c6b-a385-a8a6943baa6e,""Message targets competitor (dm)"",HIGH,10,send,0,false,38,skip,14,false,POTENTIAL_BUYER,MARKET_PROBLEM,-28,true,true,"clean"
258dbf2f-71f8-4c56-8b0a-6c82e584fd99,""Message targets competitor (connection)"",HIGH,10,send,0,false,0,skip,39,false,POTENTIAL_BUYER,UNKNOWN,10,true,true,"clean"
b85992a1-576e-4286-a4d0-20ebac73b648,""Message targets competitor (connection)"",HIGH,12,send,0,false,70,worth_pursuing,7,false,POTENTIAL_BUYER,UNKNOWN,-58,true,false,"clean"
b85992a1-576e-4286-a4d0-20ebac73b648,""Message targets competitor (dm)"",HIGH,12,send,0,false,70,worth_pursuing,7,false,POTENTIAL_BUYER,UNKNOWN,-58,true,false,"clean"
b85992a1-576e-4286-a4d0-20ebac73b648,""Message targets competitor (dm)"",HIGH,12,send,0,false,70,worth_pursuing,7,false,POTENTIAL_BUYER,UNKNOWN,-58,true,false,"clean"
c4bcc44b-cebd-4c6b-a385-a8a6943baa6e,""Message targets competitor (dm)"",HIGH,10,send,0,false,38,skip,14,false,POTENTIAL_BUYER,MARKET_PROBLEM,-28,true,true,"clean"
c4bcc44b-cebd-4c6b-a385-a8a6943baa6e,""Message targets competitor (dm)"",HIGH,10,send,0,false,38,skip,14,false,POTENTIAL_BUYER,MARKET_PROBLEM,-28,true,true,"clean"
c4bcc44b-cebd-4c6b-a385-a8a6943baa6e,""Message targets competitor (dm)"",HIGH,10,send,0,false,38,skip,14,false,POTENTIAL_BUYER,MARKET_PROBLEM,-28,true,true,"clean"
c4bcc44b-cebd-4c6b-a385-a8a6943baa6e,""Message targets competitor (dm)"",HIGH,10,send,0,false,38,skip,14,false,POTENTIAL_BUYER,MARKET_PROBLEM,-28,true,true,"clean"
b85992a1-576e-4286-a4d0-20ebac73b648,""Message targets competitor (dm)"",HIGH,12,send,0,false,70,worth_pursuing,7,false,POTENTIAL_BUYER,UNKNOWN,-58,true,false,"clean"
b85992a1-576e-4286-a4d0-20ebac73b648,""Message targets competitor (dm)"",HIGH,12,send,0,false,70,worth_pursuing,7,false,POTENTIAL_BUYER,UNKNOWN,-58,true,false,"clean"
b85992a1-576e-4286-a4d0-20ebac73b648,""Message targets competitor (connection)"",HIGH,12,send,0,false,70,worth_pursuing,7,false,POTENTIAL_BUYER,UNKNOWN,-58,true,false,"clean"
a07d53d9-1ed5-4f3f-b43d-ab07578bf067,""Message targets competitor (dm)"",HIGH,12,send,0,false,60,maybe,5,false,POTENTIAL_BUYER,UNKNOWN,-48,true,true,"clean"
07b152e3-1154-4cf2-b77e-bd914b26e7cb,""Message targets competitor (dm)"",HIGH,12,send,0,false,29,skip,8,false,POTENTIAL_BUYER,UNKNOWN,-17,true,true,"clean"
07b152e3-1154-4cf2-b77e-bd914b26e7cb,""Message targets competitor (dm)"",HIGH,12,send,0,false,29,skip,8,false,POTENTIAL_BUYER,UNKNOWN,-17,true,true,"clean"
07b152e3-1154-4cf2-b77e-bd914b26e7cb,""Message targets competitor (dm)"",HIGH,12,send,0,false,29,skip,8,false,POTENTIAL_BUYER,UNKNOWN,-17,true,true,"clean"
07b152e3-1154-4cf2-b77e-bd914b26e7cb,""Message targets competitor (dm)"",HIGH,12,send,0,false,29,skip,8,false,POTENTIAL_BUYER,UNKNOWN,-17,true,true,"clean"
07b152e3-1154-4cf2-b77e-bd914b26e7cb,""Message targets competitor (dm)"",HIGH,12,send,0,false,29,skip,8,false,POTENTIAL_BUYER,UNKNOWN,-17,true,true,"clean"
185a33a2-9156-4b27-be60-0956d2ebda8f,""Message targets competitor (dm)"",HIGH,12,send,0,false,50,skip,11,false,POTENTIAL_BUYER,SERVICE_OFFERING,-38,true,true,"clean"
185a33a2-9156-4b27-be60-0956d2ebda8f,""Message targets competitor (dm)"",HIGH,12,send,0,false,50,skip,11,false,POTENTIAL_BUYER,SERVICE_OFFERING,-38,true,true,"clean"
185a33a2-9156-4b27-be60-0956d2ebda8f,""Message targets competitor (dm)"",HIGH,12,send,0,false,50,skip,11,false,POTENTIAL_BUYER,SERVICE_OFFERING,-38,true,true,"clean"
185a33a2-9156-4b27-be60-0956d2ebda8f,""Message targets competitor (dm)"",HIGH,12,send,0,false,50,skip,11,false,POTENTIAL_BUYER,SERVICE_OFFERING,-38,true,true,"clean"
185a33a2-9156-4b27-be60-0956d2ebda8f,""Message targets competitor (dm)"",HIGH,12,send,0,false,50,skip,11,false,POTENTIAL_BUYER,SERVICE_OFFERING,-38,true,true,"clean"
185a33a2-9156-4b27-be60-0956d2ebda8f,""Message targets competitor (dm)"",HIGH,12,send,0,false,50,skip,11,false,POTENTIAL_BUYER,SERVICE_OFFERING,-38,true,true,"clean"
185a33a2-9156-4b27-be60-0956d2ebda8f,""Message targets competitor (dm)"",HIGH,12,send,0,false,50,skip,11,false,POTENTIAL_BUYER,SERVICE_OFFERING,-38,true,true,"clean"
185a33a2-9156-4b27-be60-0956d2ebda8f,""Message targets competitor (dm)"",HIGH,12,send,0,false,50,skip,11,false,POTENTIAL_BUYER,SERVICE_OFFERING,-38,true,true,"clean"
185a33a2-9156-4b27-be60-0956d2ebda8f,""Message targets competitor (dm)"",HIGH,12,send,0,false,50,skip,11,false,POTENTIAL_BUYER,SERVICE_OFFERING,-38,true,true,"clean"
185a33a2-9156-4b27-be60-0956d2ebda8f,""Message targets competitor (dm)"",HIGH,12,send,0,false,50,skip,11,false,POTENTIAL_BUYER,SERVICE_OFFERING,-38,true,true,"clean"
b85992a1-576e-4286-a4d0-20ebac73b648,""Message targets competitor (dm)"",HIGH,12,send,0,false,70,worth_pursuing,7,false,POTENTIAL_BUYER,UNKNOWN,-58,true,false,"clean"
a07d53d9-1ed5-4f3f-b43d-ab07578bf067,""Message targets competitor (dm)"",HIGH,12,send,0,false,60,maybe,5,false,POTENTIAL_BUYER,UNKNOWN,-48,true,true,"clean"
a07d53d9-1ed5-4f3f-b43d-ab07578bf067,""Message targets competitor (connection)"",HIGH,12,send,0,false,60,maybe,5,false,POTENTIAL_BUYER,UNKNOWN,-48,true,true,"clean"
6e40c20c-37e4-4fa9-9d3e-e72b1656db6f,""Message targets competitor (connection)"",HIGH,61,maybe,6,true,0,skip,1,false,NETWORKING,SERVICE_OFFERING,61,true,true,"clean"
6e40c20c-37e4-4fa9-9d3e-e72b1656db6f,""Message targets competitor (connection)"",HIGH,61,maybe,6,true,0,skip,1,false,NETWORKING,SERVICE_OFFERING,61,true,true,"clean"
2e71da96-e349-4e2a-9105-500d10380a48,""Message targets competitor (dm)"",HIGH,12,send,0,false,56,maybe,4,false,POTENTIAL_BUYER,UNKNOWN,-44,true,true,"clean"
2e71da96-e349-4e2a-9105-500d10380a48,""Message targets competitor (dm)"",HIGH,12,send,0,false,56,maybe,4,false,POTENTIAL_BUYER,UNKNOWN,-44,true,true,"clean"
2e71da96-e349-4e2a-9105-500d10380a48,""Message targets competitor (dm)"",HIGH,12,send,0,false,56,maybe,4,false,POTENTIAL_BUYER,UNKNOWN,-44,true,true,"clean"
2e71da96-e349-4e2a-9105-500d10380a48,""Message targets competitor (dm)"",HIGH,12,send,0,false,56,maybe,4,false,POTENTIAL_BUYER,UNKNOWN,-44,true,true,"clean"
83a484b5-291b-4af8-b21e-76a6b255d1fe,""Message targets competitor (connection)"",HIGH,64,maybe,31,true,12,skip,26,false,POTENTIAL_BUYER,SERVICE_OFFERING,52,true,true,"clean"
83a484b5-291b-4af8-b21e-76a6b255d1fe,""Message targets competitor (connection)"",HIGH,64,maybe,31,true,12,skip,26,false,POTENTIAL_BUYER,SERVICE_OFFERING,52,true,true,"clean"
944919fd-e31a-485c-8917-5719601c8dca,""Message targets competitor (connection)"",HIGH,65,maybe,8,true,4,skip,1,false,PEER,UNKNOWN,61,true,true,"clean"
944919fd-e31a-485c-8917-5719601c8dca,""Message targets competitor (connection)"",HIGH,65,maybe,8,true,4,skip,1,false,PEER,UNKNOWN,61,true,true,"clean"
e8c58e95-7d55-484a-ab94-d483e01dbf60,""Message targets competitor (connection)"",HIGH,64,maybe,14,true,89,strong,8,false,POTENTIAL_BUYER,UNKNOWN,-25,true,false,"clean"
e8c58e95-7d55-484a-ab94-d483e01dbf60,""Message targets competitor (connection)"",HIGH,64,maybe,14,true,89,strong,8,false,POTENTIAL_BUYER,UNKNOWN,-25,true,false,"clean"
e8c58e95-7d55-484a-ab94-d483e01dbf60,""Message targets competitor (connection)"",HIGH,64,maybe,14,true,89,strong,8,false,POTENTIAL_BUYER,UNKNOWN,-25,true,false,"clean"
5e2f183f-057d-4ce8-a2f9-9315a5c698c5,""Message targets competitor (connection)"",HIGH,64,maybe,10,true,18,skip,3,false,NETWORKING,UNKNOWN,46,true,true,"clean"
7b101bc5-f68d-463e-8df7-3bb335ce03bc,""Message targets competitor (connection)"",HIGH,63,maybe,19,true,0,skip,13,false,NETWORKING,SERVICE_OFFERING,63,true,true,"clean"
7b101bc5-f68d-463e-8df7-3bb335ce03bc,""Message targets competitor (dm)"",HIGH,63,maybe,19,true,0,skip,13,false,NETWORKING,SERVICE_OFFERING,63,true,true,"clean"
ae8ec990-3e1a-429e-a448-b2ed2bd3aef9,""Message targets competitor (connection)"",HIGH,89,strong,24,true,56,maybe,15,false,POTENTIAL_BUYER,UNKNOWN,33,true,true,"clean"
ae8ec990-3e1a-429e-a448-b2ed2bd3aef9,""Message targets competitor (dm)"",HIGH,89,strong,24,true,56,maybe,15,false,POTENTIAL_BUYER,UNKNOWN,33,true,true,"clean"
ae8ec990-3e1a-429e-a448-b2ed2bd3aef9,""Message targets competitor (dm)"",HIGH,89,strong,24,true,56,maybe,15,false,POTENTIAL_BUYER,UNKNOWN,33,true,true,"clean"
ae8ec990-3e1a-429e-a448-b2ed2bd3aef9,""Message targets competitor (dm)"",HIGH,89,strong,24,true,56,maybe,15,false,POTENTIAL_BUYER,UNKNOWN,33,true,true,"clean"
ae8ec990-3e1a-429e-a448-b2ed2bd3aef9,""Message targets competitor (dm)"",HIGH,89,strong,24,true,56,maybe,15,false,POTENTIAL_BUYER,UNKNOWN,33,true,true,"clean"
944919fd-e31a-485c-8917-5719601c8dca,""Message targets competitor (connection)"",HIGH,65,maybe,8,true,4,skip,1,false,PEER,UNKNOWN,61,true,true,"clean"
944919fd-e31a-485c-8917-5719601c8dca,""Message targets competitor (connection)"",HIGH,65,maybe,8,true,4,skip,1,false,PEER,UNKNOWN,61,true,true,"clean"
ae8ec990-3e1a-429e-a448-b2ed2bd3aef9,""Message targets competitor (dm)"",HIGH,89,strong,24,true,56,maybe,15,false,POTENTIAL_BUYER,UNKNOWN,33,true,true,"clean"
b9fd13a8-6090-4eec-9b0b-9f1eaa8eb497,""Message targets competitor (connection)"",HIGH,72,worth_pursuing,19,true,18,skip,11,false,NETWORKING,UNKNOWN,54,true,true,"clean"
b9fd13a8-6090-4eec-9b0b-9f1eaa8eb497,""Message targets competitor (connection)"",HIGH,72,worth_pursuing,19,true,18,skip,11,false,NETWORKING,UNKNOWN,54,true,true,"clean"
b9fd13a8-6090-4eec-9b0b-9f1eaa8eb497,""Message targets competitor (connection)"",HIGH,72,worth_pursuing,19,true,18,skip,11,false,NETWORKING,UNKNOWN,54,true,true,"clean"
8f7769de-6d19-44b4-af57-fb65850c0929,""Message targets competitor (connection)"",HIGH,62,maybe,15,true,37,skip,9,false,POTENTIAL_BUYER,UNKNOWN,25,true,true,"clean"
8f7769de-6d19-44b4-af57-fb65850c0929,""Message targets competitor (connection)"",HIGH,62,maybe,15,true,37,skip,9,false,POTENTIAL_BUYER,UNKNOWN,25,true,true,"clean"
8f7769de-6d19-44b4-af57-fb65850c0929,""Message targets competitor (connection)"",HIGH,62,maybe,15,true,37,skip,9,false,POTENTIAL_BUYER,UNKNOWN,25,true,true,"clean"
8f7769de-6d19-44b4-af57-fb65850c0929,""Message targets competitor (connection)"",HIGH,62,maybe,15,true,37,skip,9,false,POTENTIAL_BUYER,UNKNOWN,25,true,true,"clean"
b7afbb3f-46df-4c6c-8a34-29acbaf58f33,""Message targets competitor (connection)"",HIGH,78,worth_pursuing,13,true,0,skip,5,false,POTENTIAL_BUYER,SERVICE_OFFERING,78,true,true,"clean"
b7afbb3f-46df-4c6c-8a34-29acbaf58f33,""Message targets competitor (connection)"",HIGH,78,worth_pursuing,13,true,0,skip,5,false,POTENTIAL_BUYER,SERVICE_OFFERING,78,true,true,"clean"
b7afbb3f-46df-4c6c-8a34-29acbaf58f33,""Message targets competitor (connection)"",HIGH,78,worth_pursuing,13,true,0,skip,5,false,POTENTIAL_BUYER,SERVICE_OFFERING,78,true,true,"clean"
b7afbb3f-46df-4c6c-8a34-29acbaf58f33,""Message targets competitor (connection)"",HIGH,78,worth_pursuing,13,true,0,skip,5,false,POTENTIAL_BUYER,SERVICE_OFFERING,78,true,true,"clean"
3ff36e33-ea6d-4d11-ace1-f79df90ef939,""Message targets competitor (connection)"",HIGH,84,worth_pursuing,10,true,70,worth_pursuing,2,false,POTENTIAL_BUYER,UNKNOWN,14,false,false,"clean"
5b511389-dd3e-44a5-a762-b86bc3abd226,""Message targets competitor (connection)"",HIGH,87,strong,21,true,53,skip,12,false,POTENTIAL_BUYER,UNKNOWN,34,true,true,"clean"
5b511389-dd3e-44a5-a762-b86bc3abd226,""Message targets competitor (dm)"",HIGH,87,strong,21,true,53,skip,12,false,POTENTIAL_BUYER,UNKNOWN,34,true,true,"clean"
5b511389-dd3e-44a5-a762-b86bc3abd226,""Message targets competitor (dm)"",HIGH,87,strong,21,true,53,skip,12,false,POTENTIAL_BUYER,UNKNOWN,34,true,true,"clean"
5b511389-dd3e-44a5-a762-b86bc3abd226,""Message targets competitor (dm)"",HIGH,87,strong,21,true,53,skip,12,false,POTENTIAL_BUYER,UNKNOWN,34,true,true,"clean"
5b511389-dd3e-44a5-a762-b86bc3abd226,""Message targets competitor (dm)"",HIGH,87,strong,21,true,53,skip,12,false,POTENTIAL_BUYER,UNKNOWN,34,true,true,"clean"
5b511389-dd3e-44a5-a762-b86bc3abd226,""Message targets competitor (dm)"",HIGH,87,strong,21,true,53,skip,12,false,POTENTIAL_BUYER,UNKNOWN,34,true,true,"clean"
7ee668ca-032a-45d9-b6fc-1ba08eaf6014,""Message targets competitor (connection)"",HIGH,78,worth_pursuing,15,true,45,skip,7,false,POTENTIAL_BUYER,MARKET_PROBLEM,33,true,true,"clean"
e361ca17-1776-4b68-b6e1-dcbab5eeea8d,""Message targets competitor (connection)"",HIGH,70,worth_pursuing,9,true,61,maybe,3,false,POTENTIAL_BUYER,UNKNOWN,9,true,true,"clean"
e361ca17-1776-4b68-b6e1-dcbab5eeea8d,""Message targets competitor (connection)"",HIGH,70,worth_pursuing,9,true,61,maybe,3,false,POTENTIAL_BUYER,UNKNOWN,9,true,true,"clean"
e361ca17-1776-4b68-b6e1-dcbab5eeea8d,""Message targets competitor (connection)"",HIGH,70,worth_pursuing,9,true,61,maybe,3,false,POTENTIAL_BUYER,UNKNOWN,9,true,true,"clean"
1a69c934-7df9-47d9-8927-8c4d012ed944,""Message targets competitor (connection)"",HIGH,71,worth_pursuing,15,true,0,skip,7,false,NETWORKING,SERVICE_OFFERING,71,true,true,"clean"
1a69c934-7df9-47d9-8927-8c4d012ed944,""Message targets competitor (connection)"",HIGH,71,worth_pursuing,15,true,0,skip,7,false,NETWORKING,SERVICE_OFFERING,71,true,true,"clean"
1a69c934-7df9-47d9-8927-8c4d012ed944,""Message targets competitor (connection)"",HIGH,71,worth_pursuing,15,true,0,skip,7,false,NETWORKING,SERVICE_OFFERING,71,true,true,"clean"
4ed79bd1-46db-4a32-bb92-c3dd2a4a8bbe,""Message targets competitor (connection)"",HIGH,74,worth_pursuing,5,true,13,skip,0,false,POTENTIAL_BUYER,UNKNOWN,61,true,true,"clean"
4ed79bd1-46db-4a32-bb92-c3dd2a4a8bbe,""Message targets competitor (connection)"",HIGH,74,worth_pursuing,5,true,13,skip,0,false,POTENTIAL_BUYER,UNKNOWN,61,true,true,"clean"
4ed79bd1-46db-4a32-bb92-c3dd2a4a8bbe,""Message targets competitor (connection)"",HIGH,74,worth_pursuing,5,true,13,skip,0,false,POTENTIAL_BUYER,UNKNOWN,61,true,true,"clean"
a69784eb-7f91-4b45-a999-0a12a1e4c1b3,""Message targets competitor (connection)"",HIGH,89,strong,22,true,24,skip,13,false,NETWORKING,UNKNOWN,65,true,true,"clean"
a69784eb-7f91-4b45-a999-0a12a1e4c1b3,""Message targets competitor (connection)"",HIGH,89,strong,22,true,24,skip,13,false,NETWORKING,UNKNOWN,65,true,true,"clean"
a69784eb-7f91-4b45-a999-0a12a1e4c1b3,""Message targets competitor (connection)"",HIGH,89,strong,22,true,24,skip,13,false,NETWORKING,UNKNOWN,65,true,true,"clean"
3a169ddb-ba46-4d1e-bab1-86b674d33e97,""Message targets competitor (connection)"",HIGH,66,maybe,10,true,0,skip,3,false,PEER,UNKNOWN,66,true,true,"clean"
3a169ddb-ba46-4d1e-bab1-86b674d33e97,""Message targets competitor (connection)"",HIGH,66,maybe,10,true,0,skip,3,false,PEER,UNKNOWN,66,true,true,"clean"
3a169ddb-ba46-4d1e-bab1-86b674d33e97,""Message targets competitor (connection)"",HIGH,66,maybe,10,true,0,skip,3,false,PEER,UNKNOWN,66,true,true,"clean"
a69784eb-7f91-4b45-a999-0a12a1e4c1b3,""Message targets competitor (dm)"",HIGH,89,strong,22,true,24,skip,13,false,NETWORKING,UNKNOWN,65,true,true,"clean"
a69784eb-7f91-4b45-a999-0a12a1e4c1b3,""Message targets competitor (dm)"",HIGH,89,strong,22,true,24,skip,13,false,NETWORKING,UNKNOWN,65,true,true,"clean"
83a484b5-291b-4af8-b21e-76a6b255d1fe,""Message targets competitor (connection)"",HIGH,64,maybe,31,true,12,skip,26,false,POTENTIAL_BUYER,SERVICE_OFFERING,52,true,true,"clean"
83a484b5-291b-4af8-b21e-76a6b255d1fe,""Message targets competitor (connection)"",HIGH,64,maybe,31,true,12,skip,26,false,POTENTIAL_BUYER,SERVICE_OFFERING,52,true,true,"clean"
83a484b5-291b-4af8-b21e-76a6b255d1fe,""Message targets competitor (connection)"",HIGH,64,maybe,31,true,12,skip,26,false,POTENTIAL_BUYER,SERVICE_OFFERING,52,true,true,"clean"
83a484b5-291b-4af8-b21e-76a6b255d1fe,""Message targets competitor (connection)"",HIGH,64,maybe,31,true,12,skip,26,false,POTENTIAL_BUYER,SERVICE_OFFERING,52,true,true,"clean"
83a484b5-291b-4af8-b21e-76a6b255d1fe,""Message targets competitor (connection)"",HIGH,64,maybe,31,true,12,skip,26,false,POTENTIAL_BUYER,SERVICE_OFFERING,52,true,true,"clean"
83a484b5-291b-4af8-b21e-76a6b255d1fe,""Message targets competitor (reply)"",HIGH,64,maybe,31,true,12,skip,26,false,POTENTIAL_BUYER,SERVICE_OFFERING,52,true,true,"clean"
a4abdb74-78fa-4c29-8f4a-7a2c3f19d371,""Message targets competitor (connection)"",HIGH,25,skip,15,true,27,skip,6,false,NETWORKING,SELF_NEED,-2,false,true,"clean"
8b6ff95a-50d6-4ead-8044-e6f8c3ac505a,""Message targets competitor (connection)"",HIGH,82,worth_pursuing,17,true,3,skip,7,false,POTENTIAL_PARTNER,UNKNOWN,79,true,true,"clean"
8b6ff95a-50d6-4ead-8044-e6f8c3ac505a,""Message targets competitor (connection)"",HIGH,82,worth_pursuing,17,true,3,skip,7,false,POTENTIAL_PARTNER,UNKNOWN,79,true,true,"clean"
b8c768c3-e3be-4bfa-813c-b2c0355c4ec4,""Message targets competitor (connection)"",HIGH,85,strong,14,true,24,skip,3,false,NETWORKING,UNKNOWN,61,true,true,"clean"
b8c768c3-e3be-4bfa-813c-b2c0355c4ec4,""Message targets competitor (connection)"",HIGH,85,strong,14,true,24,skip,3,false,NETWORKING,UNKNOWN,61,true,true,"clean"
b8c768c3-e3be-4bfa-813c-b2c0355c4ec4,""Message targets competitor (dm)"",HIGH,85,strong,14,true,24,skip,3,false,NETWORKING,UNKNOWN,61,true,true,"clean"
63c5d01e-4fd3-46e8-b604-9fd71590605f,""Message targets competitor (connection)"",HIGH,66,maybe,20,true,20,skip,13,false,POTENTIAL_BUYER,UNKNOWN,46,true,true,"clean"
63c5d01e-4fd3-46e8-b604-9fd71590605f,""Message targets competitor (connection)"",HIGH,66,maybe,20,true,20,skip,13,false,POTENTIAL_BUYER,UNKNOWN,46,true,true,"clean"
7ef0fecc-864e-4bb6-b8b1-53aebc152049,""Message targets competitor (connection)"",HIGH,84,worth_pursuing,10,true,25,skip,2,false,POTENTIAL_BUYER,UNKNOWN,59,true,true,"clean"
7ef0fecc-864e-4bb6-b8b1-53aebc152049,""Message targets competitor (connection)"",HIGH,84,worth_pursuing,10,true,25,skip,2,false,POTENTIAL_BUYER,UNKNOWN,59,true,true,"clean"
b7afbb3f-46df-4c6c-8a34-29acbaf58f33,""Message targets competitor (dm)"",HIGH,78,worth_pursuing,13,true,0,skip,5,false,POTENTIAL_BUYER,SERVICE_OFFERING,78,true,true,"clean"
b7afbb3f-46df-4c6c-8a34-29acbaf58f33,""Message targets competitor (dm)"",HIGH,78,worth_pursuing,13,true,0,skip,5,false,POTENTIAL_BUYER,SERVICE_OFFERING,78,true,true,"clean"
b7afbb3f-46df-4c6c-8a34-29acbaf58f33,""Message targets competitor (reply)"",HIGH,78,worth_pursuing,13,true,0,skip,5,false,POTENTIAL_BUYER,SERVICE_OFFERING,78,true,true,"clean"
b7afbb3f-46df-4c6c-8a34-29acbaf58f33,""Message targets competitor (reply)"",HIGH,78,worth_pursuing,13,true,0,skip,5,false,POTENTIAL_BUYER,SERVICE_OFFERING,78,true,true,"clean"
b7afbb3f-46df-4c6c-8a34-29acbaf58f33,""Message targets competitor (reply)"",HIGH,78,worth_pursuing,13,true,0,skip,5,false,POTENTIAL_BUYER,SERVICE_OFFERING,78,true,true,"clean"
b7afbb3f-46df-4c6c-8a34-29acbaf58f33,""Message targets competitor (reply)"",HIGH,78,worth_pursuing,13,true,0,skip,5,false,POTENTIAL_BUYER,SERVICE_OFFERING,78,true,true,"clean"
b7afbb3f-46df-4c6c-8a34-29acbaf58f33,""Message targets competitor (reply)"",HIGH,78,worth_pursuing,13,true,0,skip,5,false,POTENTIAL_BUYER,SERVICE_OFFERING,78,true,true,"clean"
b7afbb3f-46df-4c6c-8a34-29acbaf58f33,""Message targets competitor (reply)"",HIGH,78,worth_pursuing,13,true,0,skip,5,false,POTENTIAL_BUYER,SERVICE_OFFERING,78,true,true,"clean"
b7afbb3f-46df-4c6c-8a34-29acbaf58f33,""Message targets competitor (reply)"",HIGH,78,worth_pursuing,13,true,0,skip,5,false,POTENTIAL_BUYER,SERVICE_OFFERING,78,true,true,"clean"
b7afbb3f-46df-4c6c-8a34-29acbaf58f33,""Message targets competitor (reply)"",HIGH,78,worth_pursuing,13,true,0,skip,5,false,POTENTIAL_BUYER,SERVICE_OFFERING,78,true,true,"clean"
b7afbb3f-46df-4c6c-8a34-29acbaf58f33,""Message targets competitor (reply)"",HIGH,78,worth_pursuing,13,true,0,skip,5,false,POTENTIAL_BUYER,SERVICE_OFFERING,78,true,true,"clean"
5b511389-dd3e-44a5-a762-b86bc3abd226,""Message targets competitor (connection)"",HIGH,87,strong,21,true,53,skip,12,false,POTENTIAL_BUYER,UNKNOWN,34,true,true,"clean"
5b511389-dd3e-44a5-a762-b86bc3abd226,""Message targets competitor (connection)"",HIGH,87,strong,21,true,53,skip,12,false,POTENTIAL_BUYER,UNKNOWN,34,true,true,"clean"
37b4026f-ec76-4588-9edd-3054e8144b00,""Message targets competitor (connection)"",HIGH,85,strong,11,true,60,maybe,3,false,POTENTIAL_BUYER,UNKNOWN,25,true,true,"clean"
37b4026f-ec76-4588-9edd-3054e8144b00,""Message targets competitor (connection)"",HIGH,85,strong,11,true,60,maybe,3,false,POTENTIAL_BUYER,UNKNOWN,25,true,true,"clean"
3d68fd2f-8b1e-4bd1-8e45-605bab4c6d23,""Message targets competitor (connection)"",HIGH,77,worth_pursuing,25,true,3,skip,16,false,NETWORKING,MARKET_PROBLEM,74,true,true,"clean"
3d68fd2f-8b1e-4bd1-8e45-605bab4c6d23,""Message targets competitor (connection)"",HIGH,77,worth_pursuing,25,true,3,skip,16,false,NETWORKING,MARKET_PROBLEM,74,true,true,"clean"
9c0e3d34-4a89-449d-a974-099028441a1d,""Message targets competitor (connection)"",HIGH,68,maybe,12,true,41,skip,6,false,POTENTIAL_BUYER,SERVICE_OFFERING,27,true,true,"clean"
9c0e3d34-4a89-449d-a974-099028441a1d,""Message targets competitor (connection)"",HIGH,68,maybe,12,true,41,skip,6,false,POTENTIAL_BUYER,SERVICE_OFFERING,27,true,true,"clean"
bbc69594-adce-43aa-a849-8ef86915d57b,""Message targets competitor (connection)"",HIGH,85,strong,11,true,18,skip,2,false,POTENTIAL_BUYER,SERVICE_OFFERING,67,true,true,"clean"
bbc69594-adce-43aa-a849-8ef86915d57b,""Message targets competitor (connection)"",HIGH,85,strong,11,true,18,skip,2,false,POTENTIAL_BUYER,SERVICE_OFFERING,67,true,true,"clean"
f7fead50-ec82-44a3-b1fc-aa44164c90ac,""Message targets competitor (connection)"",HIGH,69,maybe,14,true,47,skip,6,false,POTENTIAL_BUYER,UNKNOWN,22,true,true,"clean"
f7fead50-ec82-44a3-b1fc-aa44164c90ac,""Message targets competitor (connection)"",HIGH,69,maybe,14,true,47,skip,6,false,POTENTIAL_BUYER,UNKNOWN,22,true,true,"clean"
ee6088ad-1bc2-42c5-b078-51849d085625,""Message targets competitor (connection)"",HIGH,84,worth_pursuing,10,true,57,maybe,2,false,POTENTIAL_BUYER,UNKNOWN,27,true,true,"clean"
ee6088ad-1bc2-42c5-b078-51849d085625,""Message targets competitor (connection)"",HIGH,84,worth_pursuing,10,true,57,maybe,2,false,POTENTIAL_BUYER,UNKNOWN,27,true,true,"clean"
4489b497-30f2-453f-b8df-a8688eaedde6,""Message targets competitor (connection)"",HIGH,64,maybe,38,true,0,skip,32,false,POTENTIAL_BUYER,SERVICE_OFFERING,64,true,true,"clean"
4489b497-30f2-453f-b8df-a8688eaedde6,""Message targets competitor (connection)"",HIGH,64,maybe,38,true,0,skip,32,false,POTENTIAL_BUYER,SERVICE_OFFERING,64,true,true,"clean"
b5a2dbcc-c187-48d9-bda5-fcba143bb93c,""Message targets competitor (dm)"",HIGH,90,strong,13,true,33,skip,5,false,POTENTIAL_BUYER,UNKNOWN,57,true,true,"clean"
b5a2dbcc-c187-48d9-bda5-fcba143bb93c,""Message targets competitor (dm)"",HIGH,90,strong,13,true,33,skip,5,false,POTENTIAL_BUYER,UNKNOWN,57,true,true,"clean"
b5a2dbcc-c187-48d9-bda5-fcba143bb93c,""Message targets competitor (dm)"",HIGH,90,strong,13,true,33,skip,5,false,POTENTIAL_BUYER,UNKNOWN,57,true,true,"clean"
8989149c-0fea-4485-8744-efcdde41d277,""Message targets competitor (connection)"",HIGH,85,strong,25,true,79,worth_pursuing,16,false,POTENTIAL_BUYER,UNKNOWN,6,true,false,"clean"
8989149c-0fea-4485-8744-efcdde41d277,""Message targets competitor (connection)"",HIGH,85,strong,25,true,79,worth_pursuing,16,false,POTENTIAL_BUYER,UNKNOWN,6,true,false,"clean"
8989149c-0fea-4485-8744-efcdde41d277,""Message targets competitor (connection)"",HIGH,85,strong,25,true,79,worth_pursuing,16,false,POTENTIAL_BUYER,UNKNOWN,6,true,false,"clean"
adf01a2e-6eef-44ec-883a-cfc53c611e8a,""Message targets competitor (connection)"",HIGH,69,maybe,7,true,0,skip,1,false,PEER,MARKET_PROBLEM,69,true,true,"clean"
adf01a2e-6eef-44ec-883a-cfc53c611e8a,""Message targets competitor (connection)"",HIGH,69,maybe,7,true,0,skip,1,false,PEER,MARKET_PROBLEM,69,true,true,"clean"
adf01a2e-6eef-44ec-883a-cfc53c611e8a,""Message targets competitor (connection)"",HIGH,69,maybe,7,true,0,skip,1,false,PEER,MARKET_PROBLEM,69,true,true,"clean"
29fe2362-0696-49c8-bc92-e2848a02d0e9,""Message targets competitor (connection)"",HIGH,66,maybe,27,true,0,skip,21,false,POTENTIAL_BUYER,SERVICE_OFFERING,66,true,true,"clean"
29fe2362-0696-49c8-bc92-e2848a02d0e9,""Message targets competitor (connection)"",HIGH,66,maybe,27,true,0,skip,21,false,POTENTIAL_BUYER,SERVICE_OFFERING,66,true,true,"clean"
7ef0fecc-864e-4bb6-b8b1-53aebc152049,""Message targets competitor (dm)"",HIGH,84,worth_pursuing,10,true,25,skip,2,false,POTENTIAL_BUYER,UNKNOWN,59,true,true,"clean"
7ef0fecc-864e-4bb6-b8b1-53aebc152049,""Message targets competitor (dm)"",HIGH,84,worth_pursuing,10,true,25,skip,2,false,POTENTIAL_BUYER,UNKNOWN,59,true,true,"clean"
7ef0fecc-864e-4bb6-b8b1-53aebc152049,""Message targets competitor (reply)"",HIGH,84,worth_pursuing,10,true,25,skip,2,false,POTENTIAL_BUYER,UNKNOWN,59,true,true,"clean"
7ef0fecc-864e-4bb6-b8b1-53aebc152049,""Message targets competitor (reply)"",HIGH,84,worth_pursuing,10,true,25,skip,2,false,POTENTIAL_BUYER,UNKNOWN,59,true,true,"clean"
7ef0fecc-864e-4bb6-b8b1-53aebc152049,""Message targets competitor (reply)"",HIGH,84,worth_pursuing,10,true,25,skip,2,false,POTENTIAL_BUYER,UNKNOWN,59,true,true,"clean"
7ef0fecc-864e-4bb6-b8b1-53aebc152049,""Message targets competitor (reply)"",HIGH,84,worth_pursuing,10,true,25,skip,2,false,POTENTIAL_BUYER,UNKNOWN,59,true,true,"clean"
7ef0fecc-864e-4bb6-b8b1-53aebc152049,""Message targets competitor (reply)"",HIGH,84,worth_pursuing,10,true,25,skip,2,false,POTENTIAL_BUYER,UNKNOWN,59,true,true,"clean"
7ef0fecc-864e-4bb6-b8b1-53aebc152049,""Message targets competitor (reply)"",HIGH,84,worth_pursuing,10,true,25,skip,2,false,POTENTIAL_BUYER,UNKNOWN,59,true,true,"clean"
b10eb1d0-9c0d-414f-a190-712349e1894d,""Message targets competitor (connection)"",HIGH,81,worth_pursuing,17,true,52,skip,8,false,POTENTIAL_BUYER,MARKET_PROBLEM,29,true,true,"clean"
b10eb1d0-9c0d-414f-a190-712349e1894d,""Message targets competitor (connection)"",HIGH,81,worth_pursuing,17,true,52,skip,8,false,POTENTIAL_BUYER,MARKET_PROBLEM,29,true,true,"clean"
c6e16a37-7640-4e17-ba67-c40a8de600f1,""Message targets competitor (connection)"",HIGH,70,worth_pursuing,11,true,18,skip,5,false,POTENTIAL_BUYER,SERVICE_OFFERING,52,true,true,"clean"
c6e16a37-7640-4e17-ba67-c40a8de600f1,""Message targets competitor (connection)"",HIGH,70,worth_pursuing,11,true,18,skip,5,false,POTENTIAL_BUYER,SERVICE_OFFERING,52,true,true,"clean"
9b10b151-9674-4c0e-8a37-4e90a8c690a6,""Message targets competitor (connection)"",HIGH,74,worth_pursuing,29,true,15,skip,21,false,POTENTIAL_BUYER,SERVICE_OFFERING,59,true,true,"clean"
9b10b151-9674-4c0e-8a37-4e90a8c690a6,""Message targets competitor (connection)"",HIGH,74,worth_pursuing,29,true,15,skip,21,false,POTENTIAL_BUYER,SERVICE_OFFERING,59,true,true,"clean"
9b10b151-9674-4c0e-8a37-4e90a8c690a6,""Message targets competitor (connection)"",HIGH,74,worth_pursuing,29,true,15,skip,21,false,POTENTIAL_BUYER,SERVICE_OFFERING,59,true,true,"clean"
5e2f183f-057d-4ce8-a2f9-9315a5c698c5,""Message targets competitor (connection)"",HIGH,64,maybe,10,true,18,skip,3,false,NETWORKING,UNKNOWN,46,true,true,"clean"
5e2f183f-057d-4ce8-a2f9-9315a5c698c5,""Message targets competitor (connection)"",HIGH,64,maybe,10,true,18,skip,3,false,NETWORKING,UNKNOWN,46,true,true,"clean"
5e2f183f-057d-4ce8-a2f9-9315a5c698c5,""Message targets competitor (dm)"",HIGH,64,maybe,10,true,18,skip,3,false,NETWORKING,UNKNOWN,46,true,true,"clean"
5e2f183f-057d-4ce8-a2f9-9315a5c698c5,""Message targets competitor (dm)"",HIGH,64,maybe,10,true,18,skip,3,false,NETWORKING,UNKNOWN,46,true,true,"clean"
c4eb646a-baa4-4ae0-9ae8-08869c6bcdd8,""Message targets competitor (connection)"",HIGH,87,strong,10,true,0,skip,2,false,PEER,MARKET_PROBLEM,87,true,true,"clean"
c4eb646a-baa4-4ae0-9ae8-08869c6bcdd8,""Message targets competitor (connection)"",HIGH,87,strong,10,true,0,skip,2,false,PEER,MARKET_PROBLEM,87,true,true,"clean"
969c745f-74e3-4522-8091-8ea97da07ad6,""Message targets competitor (connection)"",HIGH,70,worth_pursuing,15,true,64,maybe,8,false,POTENTIAL_BUYER,UNKNOWN,6,true,true,"clean"
969c745f-74e3-4522-8091-8ea97da07ad6,""Message targets competitor (connection)"",HIGH,70,worth_pursuing,15,true,64,maybe,8,false,POTENTIAL_BUYER,UNKNOWN,6,true,true,"clean"
415a0a2d-e64e-445e-a84b-391dab58d103,""Message targets competitor (connection)"",HIGH,65,maybe,6,true,22,skip,1,false,POTENTIAL_BUYER,MARKET_PROBLEM,43,true,true,"clean"
415a0a2d-e64e-445e-a84b-391dab58d103,""Message targets competitor (connection)"",HIGH,65,maybe,6,true,22,skip,1,false,POTENTIAL_BUYER,MARKET_PROBLEM,43,true,true,"clean"
5fb3dc45-4484-45b2-91f8-b234e25579ba,""Message targets competitor (connection)"",HIGH,70,worth_pursuing,17,true,15,skip,10,false,NETWORKING,MARKET_PROBLEM,55,true,true,"clean"
5fb3dc45-4484-45b2-91f8-b234e25579ba,""Message targets competitor (connection)"",HIGH,70,worth_pursuing,17,true,15,skip,10,false,NETWORKING,MARKET_PROBLEM,55,true,true,"clean"
5d9d70c6-fb4c-4dde-a294-838297753e7a,""Message targets competitor (connection)"",HIGH,69,maybe,19,true,47,skip,12,false,POTENTIAL_BUYER,UNKNOWN,22,true,true,"clean"
5d9d70c6-fb4c-4dde-a294-838297753e7a,""Message targets competitor (connection)"",HIGH,69,maybe,19,true,47,skip,12,false,POTENTIAL_BUYER,UNKNOWN,22,true,true,"clean"
64ae291d-0eb0-4788-9b0c-90301a1abc71,""Message targets competitor (connection)"",HIGH,85,strong,21,true,13,skip,12,false,POTENTIAL_BUYER,SERVICE_OFFERING,72,true,true,"clean"
64ae291d-0eb0-4788-9b0c-90301a1abc71,""Message targets competitor (connection)"",HIGH,85,strong,21,true,13,skip,12,false,POTENTIAL_BUYER,SERVICE_OFFERING,72,true,true,"clean"
a307aecf-e323-40c6-a58c-8e4306092f56,""Message targets competitor (connection)"",HIGH,58,maybe,17,true,44,skip,11,false,POTENTIAL_BUYER,UNKNOWN,14,true,true,"clean"
d843745e-ed95-437d-aab8-58c034d31747,""Message targets competitor (connection)"",HIGH,68,maybe,23,true,33,skip,16,false,NETWORKING,UNKNOWN,35,true,true,"clean"
d843745e-ed95-437d-aab8-58c034d31747,""Message targets competitor (connection)"",HIGH,68,maybe,23,true,33,skip,16,false,NETWORKING,UNKNOWN,35,true,true,"clean"
a0bd48ce-e2ea-404a-a3df-d13378b488b5,""Message targets competitor (connection)"",HIGH,69,maybe,12,true,31,skip,5,false,POTENTIAL_BUYER,UNKNOWN,38,true,true,"clean"
a0bd48ce-e2ea-404a-a3df-d13378b488b5,""Message targets competitor (connection)"",HIGH,69,maybe,12,true,31,skip,5,false,POTENTIAL_BUYER,UNKNOWN,38,true,true,"clean"
da28761e-38a1-4e3d-a692-1a93424261a4,""Message targets competitor (connection)"",HIGH,78,worth_pursuing,15,true,60,maybe,7,false,POTENTIAL_BUYER,UNKNOWN,18,true,true,"clean"
da28761e-38a1-4e3d-a692-1a93424261a4,""Message targets competitor (connection)"",HIGH,78,worth_pursuing,15,true,60,maybe,7,false,POTENTIAL_BUYER,UNKNOWN,18,true,true,"clean"
1041961e-0e8e-4de0-b860-8ab368c3567f,""Message targets competitor (connection)"",HIGH,69,maybe,13,true,57,maybe,7,false,POTENTIAL_BUYER,UNKNOWN,12,false,true,"clean"
1041961e-0e8e-4de0-b860-8ab368c3567f,""Message targets competitor (connection)"",HIGH,69,maybe,13,true,57,maybe,7,false,POTENTIAL_BUYER,UNKNOWN,12,false,true,"clean"
5fb3dc45-4484-45b2-91f8-b234e25579ba,""Message targets competitor (dm)"",HIGH,70,worth_pursuing,17,true,15,skip,10,false,NETWORKING,MARKET_PROBLEM,55,true,true,"clean"
5fb3dc45-4484-45b2-91f8-b234e25579ba,""Message targets competitor (dm)"",HIGH,70,worth_pursuing,17,true,15,skip,10,false,NETWORKING,MARKET_PROBLEM,55,true,true,"clean"
5fb3dc45-4484-45b2-91f8-b234e25579ba,""Message targets competitor (dm)"",HIGH,70,worth_pursuing,17,true,15,skip,10,false,NETWORKING,MARKET_PROBLEM,55,true,true,"clean"
e22da4e4-0c67-4e0d-bcc9-a9e99c32a567,""Message targets competitor (connection)"",HIGH,87,strong,10,true,73,worth_pursuing,2,false,POTENTIAL_BUYER,UNKNOWN,14,true,false,"clean"
e22da4e4-0c67-4e0d-bcc9-a9e99c32a567,""Message targets competitor (connection)"",HIGH,87,strong,10,true,73,worth_pursuing,2,false,POTENTIAL_BUYER,UNKNOWN,14,true,false,"clean"
e22da4e4-0c67-4e0d-bcc9-a9e99c32a567,""Message targets competitor (dm)"",HIGH,87,strong,10,true,73,worth_pursuing,2,false,POTENTIAL_BUYER,UNKNOWN,14,true,false,"clean"